-3.712842760222248728e+01,-3.727435435261529051e+01,-1.527665320964011642e+01,-2.239926508366168889e+01
-4.783495048170583175e+01,-4.082255328637700131e+01,-2.805964075853115958e+01,-4.243005344251120192e+01
-2.282164831223849433e+01,-2.382002387715323977e+01,-6.546742365925527274e+00,-5.410550547295565949e+00
2.554479065268012050e+01,2.781098901988519856e+01,7.995498629353642528e+00,3.598201440648121974e+00
-4.417063497154730101e+01,-4.167022346564705515e+01,-1.982990540962570947e+01,-2.209218706228384832e+01
6.131115384974987315e+00,6.376845279041303272e-01,1.640604914163962036e+00,4.469439464385611238e+00
1.754464639201782106e+01,1.596639924840230940e+01,5.200592382113311984e+00,2.853572414975027893e+00
-8.240127069470807442e+01,-8.831849326093639263e+01,-3.601467462765840111e+01,-3.897813356848578792e+01
-1.390868353500965249e+01,-1.147007780563878754e+01,-1.041751687571332319e+01,-2.078126820304258970e+01
5.898305510172009747e+01,6.135802952973522650e+01,2.653190297894155236e+01,2.446443489671539240e+01
-2.110937258413753792e+00,-5.596671984635747776e+00,2.029965535359219420e+00,6.870360398205745511e+00
-5.754370850607274690e+01,-6.007854959944884854e+01,-2.371675159577777947e+01,-2.898028528416902461e+01
1.030099657723609852e+01,1.951784056163364767e+01,1.678227821316777835e+00,-1.854222917545573779e+00
3.905080232332382195e+01,2.910656667880859416e+01,2.320971036542495369e+01,2.425082199601059330e+01
-3.938055527965353519e+01,-3.630654592198306574e+01,-2.010699905487210870e+01,-1.948362026221856880e+01
-1.327867664119078484e+01,-1.706005548284770157e+01,-1.524355114375733677e+00,-5.782151597075912974e-01
1.900122509797022019e+01,2.126429963370444298e+01,9.048513581190393396e+00,9.908163661988712789e+00
6.357501179503572786e+01,6.207130089040613541e+01,3.026488835836909175e+01,2.496076996179893115e+01
4.508774588124420291e+01,4.713921201620974699e+01,1.806600937172204269e+01,1.593876612577603957e+01
3.524318153295860157e+01,2.658535530221040233e+01,1.584203525233657395e+01,1.909206915070749844e+01
-7.831324177810003562e+01,-7.538147699202116314e+01,-4.039379689460962197e+01,-4.542799303207093686e+01
3.605270309000380280e+01,2.748399374563421560e+01,1.806115737067890237e+01,1.727171876721976673e+01
-1.533715158401794731e+01,-1.532464841400623001e+01,-8.234453384075482774e+00,-8.842726791804368602e+00
7.345113836847474431e+00,5.460573368281762541e+00,5.842746586410004994e+00,8.158312111713382109e+00
-7.165395808461251903e+00,-1.192534591197066618e+00,-3.719228059680437681e+00,1.575209245972697403e+00
1.357666126522099859e+01,1.000872778590813184e+01,9.270199758872699647e+00,9.609104815988592563e+00
-2.844310865189035908e+01,-2.493003765333475030e+01,-1.250107242967866128e+01,-1.747624307996629867e+01
-1.208830501108189459e+01,-1.316077462716929958e+01,-6.951541735816357814e+00,-8.624078217050950457e+00
7.593833328209362854e+00,7.739161894068006475e+00,3.557735447243796756e+00,5.927831523688996462e+00
4.668346821962349225e+01,4.409081920875688354e+01,2.401706009159174471e+01,2.780823461371722516e+01
5.542552291153370447e+00,5.154157037741111225e+00,8.003588500695295593e+00,6.539303129244876445e+00
-1.783444483590262664e+01,-1.527768399906739560e+01,-1.052483764475674910e+01,-1.284215496168387993e+01
-1.917829533325859614e+01,-1.117136836702569980e+01,-1.243344193175735057e+01,-1.213565665178375141e+01
2.340813750600113252e+01,1.913052562562328873e+01,1.198926159270020797e+01,2.083040747834250794e+01
-1.582990398431993206e+01,-1.702218593719485540e+01,-2.996496075399044834e+00,6.167624731725951825e+00
-5.288287402486182032e+01,-4.560024011263605104e+01,-2.941526680294550644e+01,-3.663359156273445194e+01
1.350121614554124250e+01,8.436595204618459576e+00,8.112333063474594042e+00,2.017159890145377688e+01
-2.688593173162777461e+01,-2.581804080588589301e+01,-1.423421285525118307e+01,-2.275922631660521844e+01
-7.852777472120848756e+00,-2.061413001364974562e+01,1.223134258189865875e+00,7.255112680615827259e+00
2.595429197727040105e+01,2.677817007675466243e+01,1.129719390538663859e+01,1.689001851453134861e+01
-2.172208052749089546e+01,-1.349754228170566961e+01,-1.297185859515604101e+01,-9.394181934470353212e+00
-4.605578450758845577e+01,-4.287889131963891032e+01,-2.179231287065478995e+01,-2.220726975452148722e+01
-1.054579249617551966e+02,-9.772236449973621575e+01,-5.547106645317445839e+01,-7.002457403002046021e+01
5.508375273601117783e+01,5.665780276989038100e+01,2.441782737910705592e+01,2.563663043998021607e+01
-3.627584253161664662e+01,-4.304375862236800288e+01,-1.139278155991175012e+01,-7.757572103098448579e+00
1.197174560988774772e+01,1.739528304818138693e+01,4.555738283434385139e+00,3.983674141642806532e+00
8.149622155825338155e+01,7.331430730187918243e+01,4.266884227938982121e+01,4.847307759591505771e+01
2.414681587058981904e+01,1.956059953319310196e+01,1.463736405782737648e+01,2.835925952183254140e+01
3.956561286649773734e+01,3.635560720921002087e+01,2.122533870783179211e+01,2.119149652130921524e+01
-4.470104478051246133e+01,-3.837365943229438869e+01,-2.471825573597682890e+01,-2.412862924400113940e+01
1.509823294390889714e+01,4.493502666849032323e+00,9.622805535780827313e+00,6.458485257567524229e+00
-4.675122727544144396e+01,-4.637265053669096204e+01,-2.326764392306642293e+01,-2.852603351768480167e+01
-1.092836674294065702e+01,-1.847038586764726276e+01,-1.485648278803701317e+00,5.178147157453264704e+00
-5.462350931440280277e+01,-5.650907604614813806e+01,-2.637745951511197617e+01,-3.254647431800376722e+01
1.537816252282290463e+01,1.832161126377535254e+01,1.038055004741842069e+01,1.276543367706035426e+01
-1.336659744436008523e+01,-1.422414295870571976e+01,-8.082889922746289812e+00,-1.478215491987253749e+01
-2.946867495931965308e+01,-2.193326946260372168e+01,-1.550961719131645822e+01,-2.300992263000637905e+01
6.746416242082798220e+00,4.646725418711291411e+00,5.374826891223756675e+00,3.456452130467377870e+00
-3.369555323264098234e+01,-3.056740557069797148e+01,-1.671708828524245405e+01,-2.009120065991585591e+01
2.689273617194282906e+01,2.272754840311387881e+01,1.678040892887995739e+01,3.048487893625271283e+01
4.041262787272044221e+01,4.044166112525950041e+01,2.276628168747541991e+01,4.023154116558941240e+01
6.979334673742538087e+01,6.454847639787975311e+01,3.902270114846749749e+01,4.210013774440292877e+01
-6.598686780705338606e+01,-6.681460633825528816e+01,-3.173106098242713813e+01,-2.840106769990758551e+01
-9.719596175241768776e+00,-1.766215537101302857e+00,-4.862485589174266210e+00,-3.239030750237290590e+00
-8.690635351726033520e+00,-1.714749504175552275e+00,-8.336663377393536578e+00,-2.045883675843039384e+01
3.067475376732525660e+01,3.231069536587812507e+01,1.207493857946813876e+01,1.279073679431126287e+01
2.560033651043957548e+01,2.148246094238827553e+01,1.089307702518386023e+01,1.441352515391093903e+01
2.963852154417504181e+01,2.859373449168293746e+01,1.096116107395171646e+01,1.256513956148025812e+01
1.746610100346178740e+01,1.451189724129479863e+01,1.099571439480257062e+01,1.358143564313982843e+01
-1.626208862638525332e+01,-1.966057907683568473e+01,-7.911383205293712528e+00,-1.208278140570502401e+01
1.078386668823007355e+01,7.352029505629257500e+00,9.732253432378728419e+00,1.308076982288771895e+01
9.105769019400690922e+01,8.327233242821370141e+01,4.946571251576560257e+01,5.671890325480267592e+01
-3.545765280148679466e+01,-3.710841838576766349e+01,-1.699748787147022000e+01,-2.142700963005744796e+01
7.088730267725301815e+01,6.527342732282201609e+01,3.543534872624163512e+01,3.465426299946327759e+01
-2.166632984109840621e+01,-2.131561242904773934e+01,-8.816536457970052254e+00,-9.405226123761352142e+00
-1.474240202511855280e+01,-1.465591427758035969e+01,-3.791618541897767258e+00,-2.683657793826379034e+00
7.467306268688838600e+01,7.735676922469217232e+01,3.974465718966720829e+01,4.413131254422108896e+01
6.427373565648544229e+01,5.329255849968826908e+01,3.482368116774718203e+01,3.635351430706857911e+01
2.834783773070846280e+01,2.955203981992008977e+01,1.226051753000774980e+01,9.350636576907826125e+00
1.806788479282558768e+01,1.243640301585234553e+01,1.244331905345859290e+01,2.067737191504591721e+01
4.958102845634078193e+01,4.099358027799333115e+01,2.735389226778863758e+01,3.042421327477649129e+01
-2.486104799693148237e+00,-8.586581103367894485e+00,-3.391068281552103159e-01,7.595659077175237250e+00
4.375175164780751658e+01,4.491752825639564151e+01,1.824771089112806521e+01,9.253717011010122562e+00
-5.650094201617132228e+01,-5.448355453905191581e+01,-2.515881779282989328e+01,-2.532764031263110738e+01
-4.623922030697544727e+01,-4.576004751992708464e+01,-2.090604834924592126e+01,-2.688619761827804311e+01
-5.825213630244109453e+01,-5.202812644968025779e+01,-3.205881818221612889e+01,-3.787928795281991512e+01
1.045219624587252270e+02,1.042389931482124723e+02,5.433785914117262195e+01,6.159205394133366696e+01
-1.291869405402143656e+01,-1.872675745566842664e+01,-7.202281788236106763e-01,-5.546335721753401060e+00
-5.395357468673217483e+01,-5.489620668218945099e+01,-2.743659648156235420e+01,-3.519259243101613066e+01
-3.989227712986655661e+01,-3.345315640275429558e+01,-2.765546128773197765e+01,-3.596054973822488421e+01
6.776669504322491377e+00,5.554055753146291075e+00,2.574085417769299333e+00,5.347709118085188784e+00
-5.811831888794215928e+01,-6.362037676630626493e+01,-2.008433323806618276e+01,-1.838037917891279704e+01
1.527679618117007720e+01,1.973298945263152149e+01,8.053418183971276179e+00,1.297362778804312633e+01
3.153966258213679552e+01,2.475027463756779866e+01,1.537372151629985950e+01,9.750112564812763338e+00
6.063911375601873033e+01,5.422725206219467964e+01,3.237264394284171942e+01,3.754954212970828564e+01
6.466345875529066234e+01,5.345354793881922717e+01,3.756855508622243178e+01,5.001541377599549776e+01
2.257130142755669411e+01,1.382651218080053113e+01,1.580874328249745631e+01,2.338750080940285869e+01
3.827068498552516473e+01,3.657565836184747354e+01,2.047527503731740950e+01,1.940521081358027544e+01
-4.500864001530410974e+01,-4.550069228936754939e+01,-2.429104083440098449e+01,-3.499355201803032145e+01
-2.806601684520973805e+01,-3.746539529371747790e+01,-1.004206399619153345e+01,-5.428739135620720191e+00
-2.103277977286520439e+01,-2.442468166283978803e+01,-8.508071611038332094e+00,-6.333947765642113481e+00
-1.501964227340068270e+01,-2.559585372360277944e+01,-5.138593583458133551e+00,3.662405023664661030e-01
-1.300896076745583585e+01,-1.117983887301678969e+01,-6.405202856512448584e+00,-9.390961710849712318e+00
8.383784989363394402e+01,7.757124623073491421e+01,4.635458111028691519e+01,5.593578582518173192e+01
-5.618252412733254175e+01,-5.153536095646271775e+01,-3.440467704899634072e+01,-5.078285662786070986e+01
1.799450221427960628e-01,1.910819628867695741e+00,8.909525426579030238e-01,-5.074526489169882915e+00
-3.566340495668139710e+00,-3.409604749642625166e-01,-2.562359504777871777e+00,1.977831820212880842e-01
4.007644563465404275e+01,3.742279811375861698e+01,1.751347296370287410e+01,1.854874988582482942e+01
-4.379163261106297966e+01,-4.433841706064245614e+01,-2.436264472688392146e+01,-3.381243789078482820e+01
6.552252915112285336e+01,6.005986261672264703e+01,3.327842017170567601e+01,3.230514012500042043e+01
2.584667456675886754e+01,2.591954534215385664e+01,1.116759867754219115e+01,1.794022753857890962e+01
-3.947944269282855601e+01,-2.705817513991461709e+01,-2.583302028817077911e+01,-3.808184055873625340e+01
2.578871141931596966e+01,2.127338132903746981e+01,1.449117767321055084e+01,1.353605073642539836e+01
3.779054362025635783e+01,3.354427110101544685e+01,1.857729379019369276e+01,2.093101541599407511e+01
-9.676835083273600446e+01,-9.393471396116193262e+01,-4.677980471621182801e+01,-5.636922426238811568e+01
2.620008214099801336e+00,-3.083248122258520851e+00,9.933301066704530058e+00,2.715175829215053227e+01
-3.477898681833241312e+01,-3.080374514976466571e+01,-1.891637123220805350e+01,-2.178766241454034969e+01
3.499942536777278690e+01,2.829179492659976702e+01,1.662486679655370025e+01,2.316438617744544359e+01
-3.025760364485434195e+01,-2.707264603469607778e+01,-1.281743604240877943e+01,-9.608106134315171687e+00
-1.979607816038686607e+01,-1.630232067694334219e+01,-1.130804653587552977e+01,-1.657104213551618344e+01
-4.177716105112220646e+01,-4.521373488872166035e+01,-1.748838071625569057e+01,-1.486577256564963001e+01
-8.620320386524485912e+01,-8.687619677253674411e+01,-4.317009614352231495e+01,-4.648238245433768157e+01
-1.976606193655567623e+01,-2.247347063781136001e+01,-5.618726676620571681e+00,5.234282897888506980e+00
2.364706048122702953e+01,2.146529410110429126e+01,1.415962495034018076e+01,1.525124863980237500e+01
-9.423755842760428436e+01,-9.554090432831908686e+01,-4.207954298374747282e+01,-3.984623011039825968e+01
-9.559521067937662053e+01,-8.871449288309233339e+01,-5.104561205531638279e+01,-6.275281034805558988e+01
4.492273665053190257e+01,3.218676568554388240e+01,2.593346674274831543e+01,2.732284098381344251e+01
5.627405538722705103e+01,4.683680733166553978e+01,3.435580816401843407e+01,4.167917703190333611e+01
-3.797257717910940755e+01,-4.033715774044329549e+01,-1.913218591774959165e+01,-2.237717956688393883e+01
-3.230620773907611465e+01,-2.939533719985293203e+01,-1.961709761581604994e+01,-1.482426899415024302e+01
-5.640615434393909311e+01,-4.344271686046087666e+01,-2.967483283608963163e+01,-3.593200306879090533e+01
-2.221176259419630838e+01,-3.117619298253502080e+01,-7.622571890124145710e+00,-1.198550017174331472e+01
4.517291648780370927e+00,1.838713364636880954e+00,5.625386241228028439e+00,1.095090837979588372e+01
7.139083698012646551e+01,7.130612642689487757e+01,3.580756306295570823e+01,3.536808050591614716e+01
-6.001871210402363488e+01,-5.551830412466804887e+01,-3.352249380565228165e+01,-4.176284361889476315e+01
3.206987894756239399e+01,2.688552283359562267e+01,1.723818563622858591e+01,2.489706506029557431e+01
-3.950231867457837609e+00,-6.712909220510859143e+00,-2.249753906354930777e+00,-8.872342202065492955e+00
-6.159972925656843046e+01,-5.069341923094016522e+01,-3.311481451463180292e+01,-4.063921557709785759e+01
-1.685941177261733515e+01,-1.170278501320204256e+01,-1.078676136234976646e+01,-8.930208137629190190e+00
3.017827185224131625e+01,2.836853642306349599e+01,1.650448336755456324e+01,2.458070783128075476e+01
1.263062198000716663e+01,1.624950199692688457e+01,3.789326855307876940e+00,3.456194716363279795e+00
6.150267975897702399e+01,5.560391336739444057e+01,3.144945451134995551e+01,3.451350272693434817e+01
-2.929275246097307317e+01,-2.968044843823549428e+01,-1.064272591874887475e+01,-1.705557338318155658e+01
8.101301491914193775e+01,8.039955270508100682e+01,4.347654514863766906e+01,5.092375933580946423e+01
9.180439277802162223e+01,9.263482547459641125e+01,4.344467203542755840e+01,4.942138884058658732e+01
2.638411010589377170e+01,2.074788455161572287e+01,1.377891195689803538e+01,1.240169024384621821e+01
-9.706932174396783353e+00,-4.852521528396831485e+00,-8.624137101991703247e+00,-1.112045464123322702e+01
-7.058560184319469499e+01,-7.486760318224044397e+01,-2.588790863188357605e+01,-2.101952865804035042e+01
1.342801382200229199e+01,3.077844488383185251e+00,1.151578754341526967e+01,1.324767143982204942e+01
-1.993444197986345756e+01,-1.868541801598258445e+01,-1.318571324073633022e+01,-1.492288367918248682e+01
5.870132784537928217e+01,5.529609279361919505e+01,3.114916203973177744e+01,3.743054400342225563e+01
-2.158568421850975483e+01,-1.693591696822905135e+01,-1.133724978180584486e+01,-4.321784748308591162e+00
4.017749414025612964e+01,4.870214132537800111e+01,1.488218420814262188e+01,1.918475335297851814e+01
8.692706491052963003e+00,8.245770411543944078e+00,5.303335317443969466e+00,1.163082489561267252e+01
4.799081979401542242e+01,3.944880951615346021e+01,2.885973316821851853e+01,3.623297140616460155e+01
2.549549892895405989e+01,2.241844204969016374e+01,1.226028170762374891e+01,8.675280732802910677e+00
-6.075168443639596916e+01,-5.425293329033817713e+01,-3.400235032277100800e+01,-4.715615058116277680e+01
-3.829428966833098968e+01,-3.684481118213567186e+01,-1.905772048941595997e+01,-2.906151972060726862e+01
1.056305457084044264e+01,1.677096310647643662e+01,-8.349115638657700345e-01,-6.159464685243564830e+00
6.400433432765268549e+01,5.995257395436393466e+01,2.894763206222640406e+01,3.511417059722688805e+01
-3.788064589029549722e+01,-3.958491112778155241e+01,-1.712428792469613015e+01,-1.555138155716895021e+01
2.626743422739987466e+01,2.165703501281468490e+01,1.172246258934169916e+01,1.009203641449306943e+01
-1.231505188238856618e+01,-1.192443922033824144e+01,-7.102286622755356049e+00,-2.897399668228894498e+00
-2.389477950538083206e+01,-2.192251210712652210e+01,-1.262682897677652960e+01,-8.983308612160683992e+00
9.099744651303360854e-01,-8.974896486756239966e+00,6.691800073996524212e+00,1.561087318251767719e+01
8.161951522168723727e+01,8.231642448570622150e+01,3.501189096672226952e+01,3.759309089694396278e+01
9.311026971725866019e+01,9.200810459559542664e+01,4.648627580319987374e+01,5.283196674190789111e+01
3.963182313741593532e+01,4.056212962358029728e+01,1.324657701493682183e+01,1.183914593247842184e+01
6.489240430103599522e+00,6.050915411966926172e+00,2.588970808900919351e+00,-7.054862124888760633e+00
-2.822915325710788892e+01,-3.355358505180567619e+01,-1.410152085220624762e+01,-1.501097156402018484e+01
-1.752188722196103399e+01,-1.883557135221418122e+01,-9.594613803806323560e+00,-5.375862102537320553e+00
-5.663761175907929157e+00,-2.323873387979867644e+00,-3.316481762674489797e+00,-4.798614076430840925e+00
-2.492929063812785273e+01,-2.749029703389910040e+01,-1.216109830943641512e+01,-1.718739067431221912e+01
5.393047011768756249e+01,6.075196980275663350e+01,2.399789751382491687e+01,2.341195160649220242e+01
4.700197456259914475e+01,5.456508416387185179e+01,2.217556180767095242e+01,2.239158057295265181e+01
-4.934121894382661822e+01,-4.587911702814000137e+01,-2.601449285593024641e+01,-3.489795895498163247e+01
4.985355692611248912e+01,4.925160676646557789e+01,2.411049263256694175e+01,2.927479200084021116e+01
-6.884222228065959825e+01,-7.114361509547987339e+01,-2.850988893423167880e+01,-2.079109627958801809e+01
-8.403923355420371166e+00,-7.015289312389771936e+00,-5.693119245781115723e+00,-1.020827419778859380e+00
-1.382461339044892235e+01,-1.413104222613170258e+01,-4.819622539993592802e+00,-8.530298553886375146e+00
-3.647190531394871726e+01,-3.755324469964125456e+01,-1.521437151970598656e+01,-1.190608565253623041e+01
6.511013247077997335e+00,1.634730894510512655e+01,-3.371278642929723901e+00,-5.394948461254877259e+00
-3.874706103503461918e+01,-3.505736170860220113e+01,-2.076551235203948664e+01,-2.490280258982327766e+01
-8.879717973314189550e+00,-1.086651050958741394e+01,-3.425131045855611678e+00,-3.016425899834395130e-01
4.219829718901561932e+01,4.583057989147052069e+01,1.921018786693467817e+01,1.533879826384019296e+01
1.263343606407259045e+01,1.344765028821631425e+01,1.769693407999737289e+00,5.458505331524868609e+00
-1.361260735079971340e+01,-4.610198017098571910e+00,-9.942717681897901727e+00,-1.511436594235981978e+01
8.873566618797042338e+01,9.138169341660365319e+01,4.265419688878473892e+01,4.551191182326304130e+01
-5.852289493665124809e+01,-6.280334316386340276e+01,-2.346962655631022798e+01,-3.180629317865783889e+01
-1.793527646334601044e+01,-2.017909073428259958e+01,-9.791134275448746038e+00,-6.199689226819245391e+00
1.136613265194491262e+01,1.704611324342975465e+01,1.128663776097159843e+00,-8.191603292417584115e+00
1.872404545885183680e+01,1.562252915616728544e+01,7.881130757605711246e+00,9.123623249571689797e+00
2.891164589932854767e+01,2.682395988148745047e+01,1.384348982376148030e+01,1.333447415618001131e+01
-4.683697120033470185e+01,-4.077310450342743309e+01,-2.562545377890287313e+01,-3.482020936914764064e+01
-5.786079620533005397e+00,-7.485514907064452217e+00,6.882514607669261153e-01,9.832780924029275837e+00
9.474870500391329387e+00,1.430820949750896709e+01,6.833195055946621466e-01,3.020495943782108839e-02
4.304611736518496912e+01,4.256260232155013057e+01,2.113028758805469209e+01,2.835604579253712743e+01
2.408083622893823872e+01,2.364096545908879321e+01,1.346377237986768449e+01,1.981735143813095590e+01
8.207250026979158974e+01,8.719086745816090911e+01,3.799048426893394748e+01,3.837464453274548504e+01
-7.877106254363052784e+00,9.110570989640507378e-01,-8.479609463361413191e+00,-1.296331264794521054e+01
1.227810139315963767e+01,1.329596580340278145e+01,2.153840595185375406e+00,-1.384538487954342756e+00
1.196607389105930963e+01,1.436537416507065856e+01,4.839689480226287088e+00,4.635663016020968641e+00
1.560750549777445428e-01,1.831540000359200615e+00,-1.637252522564946133e+00,-5.343157732148263506e+00
3.427181397855034106e+01,3.389935917526040043e+01,1.567334634089679390e+01,2.521540202314287171e+01
3.081558454892198640e+01,2.725564444760781413e+01,1.856620674957909145e+01,1.963834300970201951e+01
1.413591886806024434e+00,-2.046424276560937727e+00,2.155744345419705610e-01,5.760593854234439704e+00
-4.432775528130902387e+01,-4.269567062875842822e+01,-2.404379882031133420e+01,-2.580079637689809147e+01
5.636145781632183827e+01,4.695032207931401302e+01,2.818561334071678459e+01,3.167451427390283669e+01
2.369594830224454896e+01,2.823346141640487161e+01,9.223067482528572114e+00,2.693378872962373549e+00
-6.004928053908665575e+00,3.361101536544737201e-01,-3.562105976144550823e+00,-1.018334444064739941e+01
-7.841203924029930050e+00,-7.336658938021795251e+00,-6.633610155157398935e+00,-1.588764119925242113e+01
4.788874853926435549e+01,5.012551477812415612e+01,2.349510433980595181e+01,2.287523551263291921e+01
-4.616649852831378809e+01,-4.586860190067307741e+01,-2.473564925535892911e+01,-3.099715720234380001e+01
2.809584835815207526e+01,2.689883791228009358e+01,1.553799593110934651e+01,1.329672496852606400e+01
2.607186585020787462e+01,2.459123105659804764e+01,1.346321614427654367e+01,1.575326588553848595e+01
-1.025473278822319934e+01,-1.228730568597916673e+01,-2.767521244177615358e+00,2.086865171744757941e+00
2.345058366571528552e+01,2.232515816956721011e+01,1.313237312574363180e+01,1.275689556360186927e+01
-4.371056619351869443e+01,-4.340384453171780166e+01,-2.227110309882554517e+01,-2.823801520527753439e+01
6.365139039602434323e+00,-1.100578857442940262e+00,8.827230811981161551e+00,1.740375822803389383e+01
-5.443780135891636007e+00,-1.107738509928842063e+01,-9.924971314810111522e-01,-2.278642867165551422e+00
-7.014192067559264387e+01,-6.219671135174205290e+01,-3.793656861087202259e+01,-4.909535587745615715e+01
4.931638549768238988e+01,4.880613048120975606e+01,2.474727044019843447e+01,2.998275867311385312e+01
-3.225005536287157071e+01,-3.812528130821667105e+01,-1.256902856296363069e+01,-7.956578509953530443e+00
-3.633363466573403855e+01,-3.590299748158607684e+01,-1.966287502153441125e+01,-2.662049418695360714e+01
6.936694738383700098e+00,1.881676895073972844e+00,3.085526925796074238e+00,-4.464796306790997704e+00
5.145276075921089642e+01,4.339623633638777278e+01,3.008400828280132444e+01,3.474581748787170454e+01
-4.115964556449790734e+01,-4.707968935860949244e+01,-1.654092324055299912e+01,-1.586813152615198241e+01
-4.713406717354385478e+01,-4.575627777463346035e+01,-2.175378477966255275e+01,-2.286137223415761000e+01
-2.606427360030025753e+01,-2.750276389801243582e+01,-1.249968812371886351e+01,-2.045117362346744372e+01
-9.117389043359256817e+00,-9.449749869238033284e-01,-1.031233340328699022e+01,-2.385295937943638478e+01
6.179928067351543319e+00,1.152373499620677677e+01,1.045920004378096735e+00,4.783016668869898069e+00
-1.999301193955808742e+01,-2.442551743812888887e+01,-7.073845110517186896e+00,-1.206877441192185429e+01
4.204754102811430982e+01,3.744344064231390945e+01,2.453280519206721877e+01,3.359909520310920072e+01
1.804115470850081238e+01,1.753643102255868769e+01,7.433549153421419753e+00,2.390664181537872857e+00
6.762174300099307800e+01,5.796128650247192127e+01,3.484991263946049855e+01,3.570179719006976171e+01
-4.815667286990895235e+01,-4.004567611484323209e+01,-2.548105225999791656e+01,-3.062665844593039921e+01
8.385800440759652474e+01,8.087961737723762212e+01,4.409420072645481525e+01,4.750230043171253413e+01
-3.473011542383572703e+01,-3.268953540606242569e+01,-1.735868365295691262e+01,-1.866563029495563697e+01
-2.668306749658010801e+01,-2.770375800772090358e+01,-1.421392351678525756e+01,-7.091036550709837627e+00
1.038065637868001190e+01,2.668221929382828250e+01,1.993032806496195519e-01,-1.103955481593790289e+01
3.439224946621577317e+01,2.964216190548534158e+01,1.774814677501530369e+01,2.229863286975109204e+01
-5.346944019649983204e+01,-4.821936867963731999e+01,-2.872833528090973587e+01,-3.647483925460672793e+01
-3.803198909568993002e+01,-3.310571758057200498e+01,-1.693049588063383126e+01,-1.055782483986206266e+01
6.122307452298784369e+01,5.705887460418838941e+01,3.693207279337794091e+01,5.186355524362160452e+01
-5.923405821883723377e+01,-6.047089337794627539e+01,-3.063465942151927379e+01,-3.866642250435787531e+01
-2.759775586578292206e+01,-3.589786878143983273e+01,-5.490607499522020873e+00,4.839391307347884918e+00
5.366322094402491416e+00,7.663601375726786458e+00,-2.345103169871753934e+00,-7.901370993846304813e+00
3.710150228912829107e+01,2.865637247734592918e+01,2.318553512255885707e+01,3.443962038384201207e+01
-1.897830723982576018e+00,2.440034135890613243e+00,-4.005830489297006025e+00,-5.775151424653339305e+00
4.133977456155850660e+00,2.101071448652900742e+00,8.835031480824966366e-01,5.484190636672740204e+00
-4.033348223663150378e+00,-9.643227129007398091e+00,3.329134239770743520e+00,5.801296582029580762e+00
1.105583323787369352e+02,1.150151307170000905e+02,5.384054574757038836e+01,6.099188688062415054e+01
-8.266414018610925396e+00,-1.020467462381965085e+01,-4.009939926671324706e+00,-6.109977696880926956e+00
2.574577198616196227e+01,2.386926531734658141e+01,1.172276130021795026e+01,-1.910451820308551873e+00
-1.680022699840646538e+01,-2.168513656785921029e+01,-4.392311093942025124e+00,9.039485797136025624e+00
-5.969931852845984110e+01,-5.447809325920410117e+01,-3.161514950484476572e+01,-2.753589354236313369e+01
3.533489843789865859e+01,4.095391327559552508e+01,1.218079788342587122e+01,5.756015825905601346e+00
1.061798023681175351e+01,1.214193752365486034e+01,7.012307780209911634e+00,5.152627274522967760e+00
-8.969352375295741808e+00,-6.342713827330269893e+00,-3.203046553757415094e+00,-4.455277470976429122e+00
9.883922841152358529e+00,1.026031645924985369e+01,5.424492137075086262e+00,7.660826155670534376e+00
9.363672735578976614e+00,8.548124916527781281e+00,2.658098410731390970e+00,-3.435581085396724355e+00
-3.025961406853132729e+01,-3.590690505447451386e+01,-9.603462809329874617e+00,-9.128601453053750703e+00
-2.520688196559489924e+01,-2.698045595962406296e+01,-9.634934458116198641e+00,-1.167162789597125183e+01
-3.266719800943671714e+01,-3.430734640101687916e+01,-1.607770313658417649e+01,-1.382078783179445836e+01
6.270515176098277266e+01,6.314648231459860739e+01,2.753208787625025522e+01,2.125114399926847142e+01
-4.288080320627024378e+00,-7.124353195809561612e+00,-2.245557371859331575e+00,-5.153581019815506536e+00
7.680800979363323222e+01,8.302308668042707041e+01,3.281882851571589299e+01,3.038748097474640986e+01
1.100510041392173690e+02,1.087626931243401742e+02,5.343427491467539880e+01,6.411682083042853719e+01
5.444477564005809711e+01,5.105399691067188428e+01,2.953831866088542313e+01,4.366810263532280345e+01
1.755813462466893782e+01,2.603829375939891122e+01,7.333018473248126057e+00,7.041398738068647134e+00
-4.238213631145349325e+00,-8.847432915683475230e+00,1.276292962902463302e+00,1.034803703446480583e+01
4.797300995311108096e+01,4.822603210050446876e+01,2.260966663717548997e+01,2.648804250360151968e+01
2.016298291524613973e+01,1.788478955943719484e+01,1.265492693512009836e+01,1.938083563860226732e+01
-3.312967136890540587e+01,-3.242918118332165278e+01,-1.477922491799332505e+01,-1.514064718246780039e+01
-4.319962717269007157e+01,-4.832692323023108827e+01,-2.313133958507287957e+01,-3.407938194510586527e+01
-1.051744484893504819e+02,-9.847886088212385403e+01,-5.369400934507064704e+01,-6.585306677722577717e+01
-6.296704762070052652e+01,-6.088641619255196957e+01,-2.916187077668774918e+01,-3.008350060077175669e+01
4.339660072451851924e+00,4.289298675196977939e+00,8.766670179413758035e-01,2.537273188259938195e+00
-8.191432990961126848e+01,-8.739019395279470359e+01,-3.537962046826547891e+01,-3.311211203524270275e+01
1.467424592519802395e+01,1.764453071081974755e+01,3.856309905191336540e+00,1.178823085716139474e+00
1.013386197234844843e+02,9.503747830011533893e+01,5.543683472145865210e+01,6.946411244449608091e+01
6.563448387208245549e+01,6.110901197569191368e+01,3.428923874498735103e+01,3.994053327892801519e+01
5.286708208454211189e+01,5.015543709351523205e+01,2.097006832496767359e+01,1.899480311808515154e+01
-6.919775258549034902e+01,-6.648316923257416988e+01,-3.809674140139316023e+01,-4.558745960147861354e+01
3.307730869921411454e+01,3.076529207401528510e+01,1.851867465758017772e+01,2.739426619117948292e+01
-3.786701205461672259e+01,-3.064766954225607165e+01,-2.269419163105149551e+01,-2.727619596989484307e+01
8.400502599490710764e+00,1.192634460285067988e+01,-6.267239156867194794e-01,-2.896945412860279845e+00
-8.627266345576344975e+00,-7.232756451766004346e+00,-4.115844553644492088e+00,3.835468860204702679e-01
4.172931600383174100e+01,4.219697813704071621e+01,1.822983037011069740e+01,1.761027657816621783e+01
6.360347339530134292e+01,5.374192051167892714e+01,3.402560058599490844e+01,3.888607986564897345e+01
2.950908916445057528e+01,2.328604653848368145e+01,1.561643014789660100e+01,1.817636001580869376e+01
-4.206097596837531682e+01,-3.755554632356646039e+01,-2.342026067054828076e+01,-3.060323264830243062e+01
-2.884859066627257107e+00,8.931014571976440664e+00,-8.677001666510914646e+00,-1.296993194057968424e+01
-3.059466148647913286e+01,-3.156133410318639676e+01,-1.472814928984404048e+01,-5.601824315238243202e+00
7.986838541900847588e+01,8.277568685668349246e+01,3.756946187501453949e+01,3.952184532274564077e+01
5.941302895985454313e+01,6.065482132964844197e+01,2.574594442880317047e+01,3.064352828460494749e+01
-5.160756268644643541e+00,2.003807861444359517e+00,-3.324572315275406531e+00,-5.556005600404580136e+00
-2.409430844567164343e+01,-2.436100673674872041e+01,-1.459935728017000045e+01,-1.561417096288498385e+01
3.790794566994426873e+01,4.579034191155464129e+01,1.400030564515557607e+01,1.777089899634320957e+01
-4.329097612033103815e+01,-4.257217893335286618e+01,-2.054906396877977670e+01,-2.447160111702757135e+01
1.977310646844660624e+01,1.851998774378668244e+01,1.346969985838806849e+01,1.948547104814085174e+01
-4.833913530743721054e+01,-4.987520432769215972e+01,-2.354195435579622142e+01,-1.943812316440261512e+01
-5.400089298353837108e+00,-2.906696961487547526e+00,-2.702306630854881320e+00,1.358175622792545667e+00
2.701419035849818329e+01,3.095804249933926400e+01,1.029757346173974852e+01,1.626083785313435115e+00
-5.946118876949405774e+01,-5.596637025375718366e+01,-2.834283485197673613e+01,-3.201049355467265656e+01
-4.137433263171901388e+01,-3.852411359342002584e+01,-2.075236521905546283e+01,-2.325112830878930126e+01
-1.395003000650823921e+01,-1.396327381115481714e+01,-7.654444434737669667e+00,-6.361980954934940868e+00
-6.989156750335528301e+00,-1.528759676449720573e+01,2.550147570612590897e+00,5.384130595524439400e+00
-6.527282640339235797e+01,-6.705020544719268116e+01,-3.228414617602718550e+01,-4.442827495791075876e+01
-4.007071836844698964e+01,-4.491785263497838798e+01,-1.971484974864712214e+01,-1.260642393429915487e+01
-2.895427992439865150e+01,-1.766085544299472332e+01,-1.755568061633632482e+01,-1.721270207411001252e+01
-1.127805601476262609e+01,-1.743934707076306978e+01,1.038015761569228701e+00,8.551378568229317523e+00
-1.533707953130175383e+01,-1.091996991114974236e+01,-8.465792939129791250e+00,-1.410717524106528487e+01
3.798823116214781237e+01,3.957574202427534971e+01,1.407040085081660230e+01,1.526256384270036648e+01
-6.652454444736711991e+00,-1.320652401624636596e+01,-3.469030755849015435e+00,-5.454423315724185706e+00
-1.987455051771624781e+01,-2.380057190632518171e+01,-7.692247703461523756e+00,-1.158558432366913848e+01
2.754808122823757799e+01,3.138829519405843627e+01,1.171192619946215707e+01,9.781777483280494678e+00
7.319177743952150195e+01,7.329697659504044793e+01,3.568508569762682470e+01,4.003077250371529772e+01
-8.475130135046072155e+01,-8.820396810729585013e+01,-3.872433400654276170e+01,-3.455207988756036741e+01
3.308725297164251344e+01,3.108489661675064042e+01,1.823194113691916840e+01,2.343895981625785652e+01
4.954566624230560024e+01,4.486736554005961608e+01,2.677433388754779031e+01,4.170596122342762158e+01
7.709496589417934587e+00,9.269816327361597885e+00,1.089730017036007581e+00,4.438394253350441687e+00
-1.683539763758014729e+00,-3.737549093887384544e-01,4.548807017784581852e-01,2.841590301435332755e+00
6.285012386757182412e+01,6.139747247190450707e+01,2.780551600269776458e+01,2.775899044274070349e+01
6.072037964823932654e+00,-2.318473274509534221e+00,7.177041576944604095e+00,1.530936995876368734e+01
-1.461285849628301392e+01,-1.594859603537570258e+01,-1.087809178161550960e+01,-1.500828757346590692e+01
6.032868999152901779e+01,4.523191182368307750e+01,3.236162472953154889e+01,3.802823842115385844e+01
2.070028734557690342e+01,1.340392131628632555e+01,1.509785075128840504e+01,2.013373457570973102e+01
-1.733447396985521749e+00,1.203199955469745674e+00,-5.216363598939048885e+00,-5.089049702154293087e+00
3.203399300520450055e+01,2.597729091295390091e+01,1.993763009916080620e+01,2.724607482893730293e+01
-5.128979933449772943e+01,-6.062032684298461049e+01,-2.150858610051543351e+01,-2.058762649676844703e+01
2.526604515167280685e+00,3.779927060550971607e+00,2.383353077982230062e+00,2.135117284494204348e+00
-8.278194469998084060e+01,-8.562226699442649647e+01,-3.854896721090941725e+01,-3.780201036282140592e+01
4.011193375463639654e+01,4.017183004319722528e+01,1.806991304038080415e+01,2.614393609998756673e+01
3.248174975657775576e+01,2.853272445303423765e+01,1.841624989012355940e+01,1.994239060833349342e+01
-6.213934114055637892e+00,-1.449175216636122876e+01,3.249390184330925635e+00,1.150010260854578803e+01
3.600241999075443289e+01,3.558230150239528911e+01,1.551158789255257098e+01,1.980170962917141253e+01
-3.012246686372922255e+00,7.929180996561413508e-02,-2.544089497161296620e+00,3.668908216599486849e-01
-2.109362244108768181e+01,-2.043141888013269636e+01,-9.673789032115463371e+00,-2.446548698966051205e+00
-3.894200851467640945e+00,-3.047791253437335257e+00,-2.619846652487028749e+00,2.207768846181462408e+00
-2.630708232710870931e+01,-2.188446112886449058e+01,-1.835096902705679511e+01,-1.744186066394266987e+01
-9.951786354698512582e+00,-1.569376571944818721e+01,-8.968731500070603602e-02,-5.563334547847041733e+00
-3.852360440079063153e+01,-3.726768951237267657e+01,-1.519231327172504464e+01,3.598253031873245078e+00
8.961596620988281359e+00,1.022021323321057906e+01,2.504170950701182008e+00,9.480939636221059175e+00
-3.620860782201758354e+01,-3.589703029894239705e+01,-1.402048770200616090e+01,-1.663433475557998520e+01
-8.546470289231606898e+00,-1.389663657961327203e+01,-4.195867513532157034e+00,-1.257092540108898504e+01
-1.034152192693799321e+00,1.382591023328354041e+00,-3.567783624127299547e+00,-3.805769097541872981e+00
-2.454012015625158583e+01,-2.535030329054038845e+01,-1.188435095434460820e+01,-1.107237993287647271e+01
-1.936011274191251630e+01,-6.723811137542796246e+00,-1.344944607546647575e+01,-2.134231266622040124e+01
3.025551227714598213e+01,3.212223209572161409e+01,1.576769272701075408e+01,1.481944992773855674e+01
5.678002443706048297e+01,5.374917377035681909e+01,2.952328386950505390e+01,3.201382591915891851e+01
-3.343675537690697297e+01,-3.468659620906917240e+01,-1.618182364600648881e+01,-8.438630573749652086e+00
-1.714023714600844883e+01,-1.259984123250768917e+01,-9.990993174578383318e+00,-5.659453831839384108e+00
-3.966079483448428533e+01,-3.347130992436155594e+01,-2.107291795512855259e+01,-2.161884993481208284e+01
-8.457209098469587616e+01,-7.869072628027169003e+01,-4.827475888453771802e+01,-5.921857764768182619e+01
-7.516988544661455762e+01,-6.359188603332204082e+01,-3.932525411476371602e+01,-4.239529353603937523e+01
7.790125940264047699e+00,7.154719099195683718e+00,5.471358848235274408e+00,8.596192350362759527e+00
5.162738121961216819e+01,4.765857465281507643e+01,2.707197729052804647e+01,4.137044825373967427e+01
3.714174367055032633e+01,3.666528210541137867e+01,2.033946459117154859e+01,2.200709445041712797e+01
3.021421528253608102e+01,3.355956574807356674e+01,1.353673085510149576e+01,1.306587796554592629e+01
1.388851838607002875e+01,1.047891414532551124e+01,6.428116764108485981e+00,2.951155553248933749e+00
-1.175503180265867265e+01,-7.202434894135944177e+00,-8.001125755799854744e+00,-1.796110740604910916e+01
5.119691594193387374e+00,2.042036668545140543e+00,1.404075868329099919e+00,-2.860030329824839512e+00
5.272368562422128946e+01,4.223587431825873750e+01,2.858257154228580532e+01,3.327292798740818114e+01
-2.528556395970680981e+01,-2.225942786951194563e+01,-1.710287750923554739e+01,-2.397669576018352799e+01
-7.166075374064216419e+01,-6.797353694988289874e+01,-3.522465429747008159e+01,-2.974923208740972314e+01
-1.756623041096394644e+01,-2.493132864229512791e+01,-1.063218823652033862e+01,-2.177125472648247850e+01
5.769528182196333432e+01,5.716437407255997272e+01,2.799900481545830289e+01,2.413519418315458509e+01
1.104995468616333483e+02,1.063039836816697630e+02,5.629504261527817022e+01,5.894392572128250407e+01
-1.536150757954407808e+01,-2.059678301829875124e+01,-6.778291827052798979e+00,-1.391937955929981818e+00
-7.284616981598654561e+00,-4.081411881517389872e+00,-5.816980379616095043e+00,-1.558509955783600631e+01
-5.381028681472220399e+01,-6.406142106455891394e+01,-1.973405315337718235e+01,-2.381104742473539204e+01
2.060658450413450282e+01,1.362189128496534707e+01,1.370619139131461850e+01,1.427402753132990121e+01
3.138514817987278249e+01,3.014053763188019630e+01,1.453048156574270422e+01,9.298204745702483009e+00
7.624726524706372288e+01,7.155787884566592538e+01,3.935671446814045282e+01,4.743569030311060430e+01
2.101396863656633229e+01,1.373283368194239351e+01,1.446928022578831197e+01,1.742591149573851084e+01
3.574121677942290631e+01,4.117871112602099259e+01,1.409090716929488352e+01,1.531371968087631430e+01
-1.442379340826065572e+02,-1.511323419452712926e+02,-7.061931143479574757e+01,-7.508952764202723529e+01
9.032741549309770335e+01,8.470254406904757616e+01,4.405025359765832604e+01,4.659195996197972534e+01
-1.965760324710453943e+01,-1.241499222208587128e+01,-1.020433129658023219e+01,-5.323983059385994920e+00
7.578832450979298585e+01,6.453973818854672118e+01,3.925597354537092087e+01,4.388892661098628167e+01
2.192315391065640995e+01,1.485471982754667586e+01,1.416994957774574004e+01,2.143687826486077341e+01
-2.098570093343619902e+01,-1.516267126705152890e+01,-1.527726807251145047e+01,-2.406837949015420008e+01
-1.926090638036401259e+01,-2.010876437589858412e+01,-7.444062152582864300e+00,-6.270459971242088315e-01
-1.009506524326087487e+02,-9.702236774314437184e+01,-4.890331415291329620e+01,-5.184677231877739700e+01
8.769647067261907125e+00,1.066732091286516315e+01,1.190166251265738495e+00,8.138647109609902230e-01
1.278156341922388428e+01,1.678758088656866221e+01,1.871770006157175814e+00,-1.805879197682436654e+00
6.709991649599260199e+00,-5.808146999001806421e+00,6.097239847171547211e+00,7.516517591000440035e+00
-1.522161628701073610e+01,-1.198061172742648672e+01,-9.000094209973207526e+00,-7.918692430750857270e+00
4.185742717135291002e+00,-3.022361648436667991e+00,3.656803672756279155e+00,8.549107683169511418e+00
-2.502298946756218356e+01,-1.304113563946997800e+01,-1.280812313616131348e+01,-1.036221293740788951e+01
3.075108620038037088e+01,3.847198608553465249e+01,1.126661702278088129e+01,-1.451349316764360964e-02
3.663130361790592815e+01,3.566663481260162882e+01,1.784038400435336769e+01,2.452217296667183888e+01
8.269191607157477364e+00,1.064974605175977018e+01,2.647475318819564549e+00,6.414005869898373291e+00
3.314649039413131248e+01,3.123565868292415360e+01,1.619163268989097304e+01,2.079964222428393583e+01
-1.490657755447413280e+01,-9.220522837693682305e+00,-6.812394839843028294e+00,-6.913565607480654407e+00
2.215139151948321228e+01,9.857962955455953136e+00,1.659847554976573747e+01,1.947968739302245567e+01
-5.303529480174940858e+00,7.548550207150555025e-01,-5.321408755358582710e+00,-6.036218036048026647e+00
3.895021748035812692e+00,1.300338442513107040e+00,2.071354027597783976e+00,1.350779390289517323e+00
6.554182456875858520e+01,6.358162389910102519e+01,3.126034318921482935e+01,2.653177434812688773e+01
-2.549016891044005106e+01,-1.837728318155332374e+01,-1.868135119344601947e+01,-2.967518452602110557e+01
-7.750855281151301313e+01,-8.156304980768554458e+01,-3.746838480874509969e+01,-3.513242806173404631e+01
7.877279935672694933e+01,7.982672800474381347e+01,3.495123500006484107e+01,3.366334240791782406e+01
-4.781588568806724027e+01,-4.202748167510387844e+01,-2.170309921091022431e+01,-2.101398931859844410e+01
3.525059805074648978e+01,3.966867968807250833e+01,1.740252053711247626e+01,2.696925886193725574e+01
2.242173299033362710e+01,1.963176320408287623e+01,9.222919256032952262e+00,8.779396541347431082e+00
2.454465323087683615e+01,2.256000366001648416e+01,1.504494238819911089e+01,2.302040050294082008e+01
2.987922565242214290e+01,2.514099528879448542e+01,1.521273893421898293e+01,2.464541995529565099e+01
-5.212477422977715946e+01,-4.852164393550802401e+01,-2.391555589863440545e+01,-2.574477330386583418e+01
4.424530378659076746e+01,3.979391816496190870e+01,2.136875400358528410e+01,1.548571333879408662e+01
-6.792739878541411258e+01,-6.515440721286259418e+01,-3.254292736807719422e+01,-3.200452721742259143e+01
-4.918832067983811385e+01,-5.112778930380616060e+01,-2.763372875615839064e+01,-3.931392738672473541e+01
-1.480467425930444847e+01,-1.814761881683373801e+01,-5.591738503445281339e+00,-1.135113061601841800e+01
-1.913145831514203721e+01,-1.768838142963120319e+01,-1.236995640387256756e+01,-1.652853883891375730e+01
-1.088216954732773729e+02,-1.065201854086005540e+02,-5.658995650887349882e+01,-6.287184276483438339e+01
-9.722858861758814442e+01,-8.790569276988884440e+01,-5.159443237679332128e+01,-6.065280907998185000e+01
6.328454348600248025e+00,5.622172525856186098e+00,4.749155574531600088e+00,6.644235349085812814e+00
4.152471082669072189e+01,4.425791634618587267e+01,1.928320971384349747e+01,1.157154692918144612e+01
7.452641633791996867e+01,7.002913056199521691e+01,3.654682446510501848e+01,4.429019866950081052e+01
2.590128621222794791e+01,3.306646936604527554e+01,1.074947453160991273e+01,8.031222416130152197e+00
-3.827181729530076382e+01,-3.590425037845993472e+01,-2.113058949251319163e+01,-2.248013133978613354e+01
-1.732418432612721659e+01,-1.930883440183379918e+01,-5.777834287633766053e+00,-2.175570482196484967e+00
-8.020119669147003094e+01,-8.371911878991480194e+01,-3.389796161300827038e+01,-3.416019644471369077e+01
-2.939935623741310877e+01,-2.539965728017051561e+01,-1.504298564227684487e+01,-8.401079873666640552e+00
-2.920292158041308994e+01,-2.697900288854695106e+01,-1.655704585798264716e+01,-1.675945734864561842e+01
-1.045734017235819380e+00,-6.092863129575214032e+00,1.613363623593947693e+00,1.091258369690629948e+00
-1.520520622796830423e+00,-1.099781381260937607e+00,9.447380946429086990e-01,6.106309241211571148e+00
-8.193544104059135691e+01,-8.496633884801315162e+01,-4.005909940752827225e+01,-4.490113791770593821e+01
3.142291069089566236e+00,2.736813231432837057e+00,3.799907681546654814e-01,4.384822461672086114e+00
5.495084426789166088e+00,-3.471559501301921813e+00,1.212422249226746551e+01,2.167925962251068484e+01
-4.212582311744189667e+01,-4.135384666129682785e+01,-1.876633627701238538e+01,-1.756265648797038637e+01
-2.982795525474939069e+01,-2.042574638674866350e+01,-1.484121397426653921e+01,-1.585683472286757301e+01
-3.870297823019522099e+01,-2.954379023253269310e+01,-2.011145636758727662e+01,-2.944960458250073998e+01
-4.645892574534987318e+01,-4.511768595095018952e+01,-2.497299415183936588e+01,-2.895551430611277510e+01
1.155829777216530374e+01,1.156705624213527273e+01,1.180105641639831404e+01,9.741053257587616088e+00
9.358009728205593092e+01,8.715114019350747299e+01,4.768527657146584886e+01,5.579900821759888174e+01
-5.716264820108783340e+00,-5.015539050091533113e-02,-2.677869170801472798e+00,-1.785029994468562364e+00
-7.810488222515535028e+01,-7.645760154684619181e+01,-3.501051998053741698e+01,-3.397523760304507334e+01
2.407480324383777770e+01,2.970359376526274886e+01,1.050106462277921082e+01,7.168559021368347217e+00
7.666763471173300815e+00,6.077328840535827226e+00,2.306762450455984492e+00,-4.328181414766063995e+00
2.137255834976279800e+01,2.159136968563139902e+01,7.672913260044557759e+00,4.843821884769171859e+00
-7.458996561677079029e+00,-1.012588524500388942e+01,2.183489078164058128e-01,-1.543876039546574930e+00
-1.196231449539067171e+01,-2.289849064789009958e+01,-1.629948989026026140e+00,-3.078437806759922069e+00
-2.329270517553178266e+01,-2.049519702267821586e+01,-1.358701664944327447e+01,-1.591770280645860147e+01
-9.511554516062616926e+01,-9.363760948118752481e+01,-4.711432558298342599e+01,-4.445509916108346715e+01
6.712486267142611496e+01,6.535334549697250850e+01,3.604557998163569721e+01,5.539688721986786391e+01
8.967228926795890231e+00,-9.709222986953420786e-01,1.082462215671935013e+01,1.658492298676397780e+01
2.151748629599781992e+01,2.078715218922431163e+01,5.441914200943855917e+00,-8.165725582474255617e+00
5.653106044981745981e+01,5.052321593018821488e+01,2.987638519316810459e+01,3.040949888743906726e+01
-3.168757301724413367e+01,-2.592305858797426410e+01,-2.150480552346620300e+01,-2.484793006882932076e+01
-1.800919023752070913e+01,-2.554748632338249692e+01,-7.177234011343950115e+00,-1.044837018400463435e+01
5.594578920169126945e+00,4.255405221302105190e+00,5.066891132488642313e+00,-6.731338388210232893e-01
-3.872627440782713393e+01,-3.696362333740242434e+01,-2.233730662454370020e+01,-2.381628521952495703e+01
1.894666884951564967e+01,1.362483785451187757e+01,7.957944196446692153e+00,5.137459212505850026e+00
-6.307043959894269847e+01,-5.987162058964277378e+01,-3.132046321886170048e+01,-3.530829019583366346e+01
-4.256471569640348207e+01,-4.362957321922711174e+01,-1.629940587203222435e+01,-1.333430516021357448e+01
4.982787696623965701e+01,4.610840813681757311e+01,2.679378752725785873e+01,3.084853664703252463e+01
-1.815521033587001654e+01,-1.668422139053070907e+01,-8.347821576194354165e+00,-8.887882769499244162e+00
5.520556607137140048e+01,5.744245063973940546e+01,2.733427539638340420e+01,3.821418447727786827e+01
2.998011619686030471e+01,2.163078755355289928e+01,2.005124226731078707e+01,2.383354166031051946e+01
-4.714245891148144096e+01,-4.289266190868275430e+01,-2.796478805487322461e+01,-3.600350448438413764e+01
6.229309107925572420e+01,6.185105995754535968e+01,2.861849001625947864e+01,3.361244522307650584e+01
1.343178933660573904e+01,1.373457501774192124e+01,5.370884142057436250e+00,-3.880274066394616028e+00
2.711578049589000017e+01,1.443288158709570723e+01,1.955834476400596600e+01,1.870602530207114000e+01
6.657521044031918223e+01,6.459987389346503051e+01,3.130474736278407022e+01,3.309661410507813173e+01
-2.344010050852745053e-01,6.738690969183611656e+00,-5.358778354609750494e+00,-4.706397700900534886e+00
-1.293928126948557278e+01,-6.704314254259536199e+00,-5.453116986707598812e+00,-2.549293212231333428e+00
1.026709950722896991e+01,1.027587490290631678e+01,1.145832551302236268e+01,2.610221441314862645e+01
1.912394658028084748e+01,2.143852482551418603e+01,9.680457664693252084e+00,1.336346412110485815e+01
4.785211575325017463e+01,5.029663146189066936e+01,2.339581433053313475e+01,3.103135579055189197e+01
8.251831418843485721e+01,8.623445685057757260e+01,4.096075973427929284e+01,4.053432928363609022e+01
-4.287356010808929341e+01,-4.806353799315036213e+01,-1.963986024401588537e+01,-2.606877712402618386e+01
1.130510702617511676e+01,4.703468814172186541e+00,6.121760922952498518e+00,5.698770726407326848e+00
-5.378414511225919625e-01,-1.064730772998445474e+01,4.078478986875172296e+00,7.445461430861588070e+00
-6.110929514466656087e+01,-6.026601072967111605e+01,-3.174149475533717890e+01,-3.976726954776847833e+01
-3.708727903254241909e+01,-2.554821339430255733e+01,-2.434529372578376893e+01,-2.425981365336474838e+01
2.998638124185788456e+01,3.533699918518952643e+01,1.299444401407605554e+01,8.115304425724442439e+00
5.402473440435903740e+01,5.429049470871707683e+01,2.590488096542578234e+01,2.563199602248938191e+01
4.092286130523943655e+01,2.924346192919083975e+01,2.512149407013823676e+01,3.583818100969691045e+01
6.690821678018433261e+01,6.597025154756789789e+01,3.398467938137195432e+01,5.107224459565484409e+01
-4.396169764958431614e+01,-4.954392490576459807e+01,-2.182827832408715807e+01,-2.385990488322874015e+01
-5.002841471187527134e+01,-4.722144564050304183e+01,-2.445792352889604260e+01,-2.335274860345893444e+01
-2.888928542026825497e+01,-2.161989668275662169e+01,-1.806597371765866811e+01,-1.775855797140498993e+01
-6.152304735893362420e+01,-6.087102841681061705e+01,-2.870362316786417622e+01,-3.435811024060079433e+01
2.315924993940442533e+01,1.799816023091221950e+01,1.132750147251273276e+01,8.524369131133406441e+00
1.915410539992424077e+01,1.849559233728321672e+01,9.438017336203866847e+00,5.427415086906256292e+00
8.047373312961516945e+01,6.824597677443580324e+01,4.628655883915551073e+01,5.422489923019693947e+01
8.472196995116591722e+01,8.269461781992083615e+01,4.142762495139407974e+01,4.796020303386039529e+01
-5.719781001397890030e+00,-1.016360433102987848e+01,1.373605254961036692e-01,4.952626300444980423e+00
3.981702799980466523e+01,3.850107375153547196e+01,2.365041532094859633e+01,2.689527075685203528e+01
2.074181085045430706e+01,1.700632416461312602e+01,1.117193692633538049e+01,2.656809046089611570e+01
2.215901765851566196e+01,2.501081981884694727e+01,6.321423711962998127e+00,1.847114599004040514e+00
-2.628876169667267249e+01,-2.529254083017320198e+01,-9.369446378280176901e+00,-7.159151001696888450e+00
-3.823200871555933844e+01,-3.970423397106807073e+01,-1.508883055301799203e+01,-1.286744585678076369e+01
1.365514542520597630e+01,1.521358676138374122e+01,6.036808380417314268e+00,4.853445588230857588e+00
-7.999367716691126873e+01,-6.755735676387469368e+01,-4.334870933601821719e+01,-4.506764363445715560e+01
1.603222774676335760e+01,1.364793516826388498e+01,6.110428640586273552e+00,1.367598434502010996e+01
-6.408453541923827856e+01,-5.875354999518616239e+01,-3.547497405130573611e+01,-4.782181201320479147e+01
5.397237865315878480e+01,4.971836188228968467e+01,2.824825182612460139e+01,3.659801964732268686e+01
7.533088316881199376e+01,7.039137811359312025e+01,3.838972893244832107e+01,3.727139605793485799e+01
-3.670237041137855272e+01,-3.927714843395897049e+01,-1.779306148767518536e+01,-2.590254481215853133e+01
-6.696076571783162734e+00,-6.277671266325114630e+00,-1.111908490247145664e+00,-6.424710895498279228e+00
6.196048315470530810e+00,4.192495919725462983e-01,3.246154770688677083e+00,6.714576714796506529e+00
1.292118533026058458e+02,1.299104507047941013e+02,6.098772797142033397e+01,7.961371246572524285e+01
-3.428956340021800742e+01,-3.742925089392703342e+01,-1.896622815854151867e+01,-2.387737091951288448e+01
-3.691818476039792785e+01,-3.674387006180712234e+01,-1.830542491978555830e+01,-2.170486447466059943e+01
9.883072341115344273e+00,1.062014372497508674e+01,6.167624469214150196e+00,1.754378036932425289e+01
-2.482796215780970428e+00,-4.847168708035034967e+00,1.143093416086782721e+00,7.471887850004349296e+00
-3.264478954853745307e+01,-2.817429302710467098e+01,-1.414437698411626343e+01,-1.278708426768284312e+01
4.070010241237694970e+01,3.452433026230518465e+01,2.244219747547651167e+01,2.375193690178721795e+01
1.660742838439654889e+01,1.679566980317393643e+01,5.987168955254565716e+00,6.641270449736030201e+00
-3.039984339932795621e+01,-3.177814566360711623e+01,-1.759608537043363441e+01,-2.406522374220532257e+01
2.646490718577384627e+01,2.238436318426814609e+01,1.521434968823756684e+01,1.672935149396283805e+01
-4.761316057309214145e+00,-2.526557659858585936e+00,-3.819191470834600644e+00,-5.779410435297251958e+00
1.629367074988703479e+01,1.841295032590905834e+01,5.394044595313611801e+00,6.216776977824852501e+00
-8.978953603895294577e+01,-9.046917764340189194e+01,-4.435338671137135691e+01,-4.811271965822012220e+01
5.258957476910413931e+00,6.402566019003032238e+00,1.629275014998619486e+00,1.963666771412713175e+00
8.065914714103206151e-01,4.880873608529752161e+00,-2.820046126287959254e+00,-6.538755796027209577e+00
1.835694775837911052e+01,2.476576240521037420e+01,5.326037327896006701e+00,5.113370720638522826e+00
-9.435916721700920107e+00,-1.232700569317558603e+01,-5.634392282403375418e+00,-7.840187642256459810e+00
-7.257650862870481490e+01,-6.970392147759191914e+01,-3.391650844906869366e+01,-3.113576889291844907e+01
4.175312360735688344e+01,3.088143238606634711e+01,2.312280426758724161e+01,3.236036106321856920e+01
1.910113329538778260e+01,1.688087315710612302e+01,9.807526955058701645e+00,1.169508886985244089e+01
-5.128923019181140575e+01,-5.460489060842492393e+01,-2.347440702676446023e+01,-1.822852852808016877e+01
-3.306399618657518147e+01,-3.394866238374272172e+01,-1.680360015583183753e+01,-3.459553662817670272e+01
-1.502403072233902215e+01,-1.656359815455587636e+01,-7.632347051381127123e+00,-6.604233831605530014e+00
-5.800943607081721609e+01,-4.706216094657696658e+01,-3.389977288200300620e+01,-4.586496904738284286e+01
1.882626531049002949e+01,1.229393062690300553e+01,1.014982085556534841e+01,3.002480807837550003e+00
-2.788515487476335153e+01,-3.289407441202268956e+01,-1.179109421935038071e+01,-1.269729370055819473e+01
9.405539360032364016e+01,8.735898274392610574e+01,5.098866202844846640e+01,6.580902383488111695e+01
7.177241184988840672e+00,1.157359249224133535e+01,-3.975760423673763810e+00,-7.924698631768288593e+00
2.052719205864823593e+01,2.095909671428248089e+01,1.108355357536786023e+01,9.600308830026285989e+00
-3.285789454407133547e+01,-3.526973623284484916e+01,-1.684382484445863071e+01,-1.071495116390481428e+01
1.074542897595310720e+01,1.919563402273177033e+01,2.591045179752505589e+00,4.950331847672103436e+00
1.075497054319798629e+01,1.506121583439761658e+01,5.371058576506660742e+00,4.759371004541677053e+00
-1.290446405838185129e+01,-4.314824896425236034e+00,-9.399502319482916590e+00,-1.449784067785879316e+01
-3.610662603873962695e+01,-3.494600906283494623e+01,-2.257038524220900300e+01,-2.783951339403333236e+01
-2.338682186207010716e+01,-2.139550281480295979e+01,-1.322763163371429584e+01,-2.002520485399140426e+01
1.125550239411136744e+00,1.065134903196268112e+01,-7.805726916323026288e+00,-1.533956422387089980e+01
6.463882781450511317e+00,9.822648668398912264e+00,2.583773895510730334e+00,1.518914647153338127e+00
6.159667561923432544e+01,6.463565003674648324e+01,2.963246886263675606e+01,4.140563133179723820e+01
-1.237295165698264254e+00,3.930314829556980083e+00,-1.383672379913425399e-01,-3.843770885866519382e+00
-1.828734820855227738e+01,-1.563836239416149709e+01,-1.361070333660165232e+01,-1.278174993088459743e+01
-5.844835977651122505e+01,-5.915912792066334447e+01,-3.077953788946274472e+01,-4.668395185656836333e+01
-6.141750525528857807e+00,-9.030095455706646845e+00,-2.112159329806835295e+00,-1.897924831236701415e+00
-6.355223484610640838e+01,-5.354110829189149001e+01,-3.505983302589718420e+01,-4.685943311547745083e+01
6.199014884099099021e+01,6.013299243517889181e+01,2.963404395543303238e+01,2.474710525593460275e+01
1.238361595141140370e+01,1.469481121137953039e+01,6.015212353474908902e+00,5.298568311011347731e+00
-2.501249409183180816e+01,-3.139746994795585522e+01,-8.394507870410190975e+00,-5.571782590166746374e+00
2.063363914761713858e+01,1.626257146024103051e+01,1.329730903549047127e+01,1.435783103471369770e+01
2.242321686964816507e+01,2.610876178443272266e+01,7.459206897867590058e+00,7.232109474904966362e+00
3.280790161698385532e+01,3.532819451909957564e+01,1.657701563107764997e+01,1.335771146279049582e+01
9.539570610562895681e+00,1.261404680048047311e+01,3.953859527808132324e+00,4.447939081969553676e+00
5.736045518960821710e+00,6.436558682235306250e+00,-9.492380716881054781e-02,-1.832162995909598635e-01
5.444183203512021407e+01,4.602391313094043568e+01,3.162580935392411163e+01,4.511799015721520334e+01
-2.460920024079061719e+01,-2.490899086901303505e+01,-1.349093520751171482e+01,-1.175318544416290578e+01
-2.178710653329468983e+01,-1.677449160123415339e+01,-1.575011005601567504e+01,-1.414403147794044102e+01
-6.467818382369614483e+01,-6.698021512168426739e+01,-2.930696539320135940e+01,-3.103719243642197156e+01
-2.755931319717603856e+00,-8.287259113506696195e+00,3.857325298157523008e+00,7.943010837100921151e-01
1.044891527775962814e+01,1.534557069322547562e+01,5.097947627536742132e+00,8.281077155397149170e+00
-2.496863553829089710e+01,-2.624737634669732245e+01,-1.260291955569977418e+01,-1.153528648194137851e+01
-4.158482190923377431e+01,-4.499422834574932750e+01,-1.693033463444240994e+01,-5.745569897583427732e+00
8.631140797107757834e+00,1.122882015747199880e+01,2.948321777832617840e+00,-2.477906276639258998e+00
-5.816778436323090773e+00,-1.129193034804093188e+01,-3.338460822052390142e+00,-5.920582910774927932e+00
-3.583184738460548857e+01,-3.869774891587109522e+01,-1.726757455922242812e+01,-2.267272958735271260e+01
4.002535903687197560e+01,3.263809885122675070e+01,2.343901910233925889e+01,2.295177688199128596e+01
-3.544246072010353998e+01,-2.882879649399437483e+01,-2.112296871746482196e+01,-2.092562749574927494e+01
2.336015570263169039e+01,1.195869264585915204e+01,1.482921792735898059e+01,2.719684654468518659e+01
-1.109933996259130140e+01,-5.979910207839164826e+00,-4.584455016342770861e+00,-5.909405273291420180e+00
-4.861071214775577687e+01,-4.610816440279018025e+01,-2.237703308183239415e+01,-2.494005438373926609e+01
1.555750205863093782e+01,1.315722094559442468e+01,8.113724908592136131e+00,1.259355674394741698e+01
-3.472497386871138758e+01,-3.112111202524063103e+01,-1.658597391223588602e+01,-1.645906781994083801e+01
-1.466222697186600499e+01,-1.065929534246233601e+01,-1.006486717489991634e+01,-7.430945402047461457e+00
-2.335488692144231493e+01,-1.853975343321804559e+01,-1.459943241750930198e+01,-1.280027311373896204e+01
5.595731640163521803e+01,5.153922106750963650e+01,2.801896226537661860e+01,2.762622909880855815e+01
1.339218681939471089e+01,2.194694816045952734e+00,9.847537391299105991e+00,1.984221446211515882e+01
-1.161068057885010951e+01,-1.041732051058534125e+01,-7.206781582629725236e+00,-1.072742836649951492e+01
-3.740154151787991488e+00,-6.651309019622869911e+00,-4.662886458763431108e-01,9.590772510235412440e-01
-1.102985111035152244e+01,-1.846763430959683916e+01,-3.577249322278838406e+00,-6.916505439067172745e+00
-1.963299583913706670e+01,-2.830654715877969352e+01,-7.341957986116330659e+00,-8.149413522359632012e+00
1.861104080311293529e+01,1.764827830084388793e+01,8.700840064510122929e+00,-9.953354480187641684e-01
-6.258818660708999460e+01,-5.157512982795574885e+01,-3.794851711253276250e+01,-5.163908713671266071e+01
1.736060650010259110e+00,3.588331122818566143e+00,-1.780505737739861871e+00,6.988693494165765685e+00
-3.466986775243622532e+01,-2.512757990106321770e+01,-1.892857838237580381e+01,-2.752141905164587143e+01
-1.829056054339726956e+00,-3.450962486788299088e+00,-1.627964770752964085e+00,-9.600207882963669448e+00
7.066804346493334776e+01,6.690997661731131529e+01,3.646042784994611452e+01,4.723046715602440315e+01
1.845533852819131937e+01,1.718323096132697003e+01,9.411327471801286038e+00,1.253087777188334684e+01
1.037050753014404734e+02,1.009497067449712233e+02,5.315690621383635062e+01,6.148916413933667258e+01
4.136252444900997460e+01,4.692802398694867350e+01,2.017720582630318304e+01,2.231258912403168182e+01
-1.379319412638151299e+01,-1.253366416169487607e+01,-6.997383003722388750e+00,-1.230150831613094908e+01
-2.267422377846875037e+01,-1.974834818799038771e+01,-1.479193515327450470e+01,-7.970389919606859053e+00
1.919445389683411918e+01,1.621617734199455185e+01,4.026259300340033320e+00,-2.946431883769770721e+00
4.809584425872401425e+01,4.195037070330539564e+01,2.234767988238886716e+01,2.968477063207299693e+01
-5.989421786288157534e+01,-6.476748963232657275e+01,-2.957466423921560761e+01,-3.709976359746098495e+01
2.519667363606045996e+01,2.557622231698242388e+01,1.602986960870955357e+01,2.064011000186203404e+01
-3.109224757713807463e+01,-2.641067931290116988e+01,-1.862427051834415082e+01,-2.065390853916161262e+01
-3.347050675957331833e+01,-3.176951996829847502e+01,-1.444338375277915176e+01,-1.555001969300582587e+01
7.050768269288250067e+00,1.026945817744655720e+01,2.967676765106556758e+00,1.302954869693721207e+00
-2.981363653706814887e+00,-8.871328842753316124e+00,4.542441235536411881e-01,1.885067571676961151e+00
1.191221510596718502e+01,1.044863800391232544e+01,7.268980410425700533e+00,1.685901276486205802e+01
-4.246385591141348925e+01,-4.131444093685080077e+01,-2.202732521665667775e+01,-2.078471452152128407e+01
-7.483768411086835215e+00,-3.868418491011112792e+00,-2.591728216992670752e+00,-1.316358183190640929e+01
-8.164384798893601669e+01,-7.582334189106978783e+01,-4.304224595449599633e+01,-5.396966643963529009e+01
-1.639649247609979454e+01,-1.651171374688896520e+01,-5.021809504186294681e+00,-3.699346911506735225e+00
-2.182285026465582867e+00,1.191680548683095253e+00,5.667162209245235616e-02,2.921095590721920487e-01
-2.759180451831026915e+01,-2.691408820794291046e+01,-1.166644544024238783e+01,1.458153324795219419e+00
5.654713499075652550e+01,5.980646494743348995e+01,2.512271559165684920e+01,3.153179049799416944e+01
3.758877131754903189e+01,3.395334840162940537e+01,2.132253229979419018e+01,3.506855754996495023e+01
5.271426370440808284e+01,5.236855029516243576e+01,2.496385298271610154e+01,2.097716501930611344e+01
-2.551815319097445922e+01,-2.395606752472381018e+01,-1.477377319074889961e+01,-2.213348661674575979e+01
2.388254787682734204e+01,2.106728926659407719e+01,1.344419398124458276e+01,8.282971734791598095e+00
-7.084200535143260424e+00,5.967046809432545729e-01,-6.579394933852757532e+00,-1.916769931269598715e+00
-1.712291307181975242e+01,-1.628098675246770100e+01,-1.031571999088219016e+01,-7.666021909003183588e+00
-2.257859347369511482e+01,-2.188364153872347018e+01,-9.746475928994584592e+00,-6.315916649513927617e+00
3.746996764712836381e+01,3.657379835417931702e+01,1.749576453155253475e+01,1.494978437938339511e+01
5.160681589754234011e+01,4.501524690940730977e+01,2.699390931489145018e+01,3.087293494321076537e+01
-6.627448736028821230e+00,-8.082645720312065407e+00,-2.108753287660666942e+00,5.829865783114888345e+00
2.124432563268557672e+01,2.707515433177980313e+01,6.918688511742227654e+00,9.283732103975950167e-02
-5.375649330971614148e+01,-5.553129014557078591e+01,-2.415183757386614616e+01,-2.139944911879620548e+01
-2.675781170437737089e+01,-2.602060389274053875e+01,-1.593771076344948057e+01,-2.031575075243906880e+01
1.042279944292207183e+01,8.325171667770984385e+00,4.433791559398800430e+00,4.125138927509386377e+00
3.645123299992398813e+01,3.612752776573896085e+01,1.486011243387091696e+01,8.832187918824971007e+00
-4.730756464512403170e+01,-5.536582168760673994e+01,-1.855265527884500187e+01,-1.889438366302942285e+01
1.758183583917351811e+01,1.364781711609194659e+01,1.071205907090672582e+01,1.353561055215078746e+01
5.909895890572124699e+01,6.546533621888291066e+01,2.619124141397566063e+01,2.576985488282616998e+01
1.563561740865729632e+00,1.152781279066800835e+00,-2.561207406675455545e+00,-1.220288801526328548e+01
-3.966566707865911212e+01,-4.197032951242706389e+01,-1.831734818155119271e+01,-2.678902642616679231e+01
-8.963891735707989028e+00,-6.674560695973388746e+00,-3.649501051313410294e+00,-3.697471967944462978e+00
7.278455130198857148e+00,1.101263264829384525e+00,5.049971660516572314e+00,4.610136481927590069e+00
-3.543406047480223720e+01,-2.768413768385036633e+01,-2.027357306180120489e+01,-2.299182760815752147e+01
5.534268372580115170e+01,6.183511093974816220e+01,2.231878811276622088e+01,2.598365717390210250e+01
-1.098976277502346051e+02,-1.013974387994176993e+02,-6.135455687483594289e+01,-6.820372912166850199e+01
-1.118932182737546697e+02,-1.192648437039062941e+02,-5.138492415637072952e+01,-5.974362419584273454e+01
3.222942867343179074e+01,2.990484184242686183e+01,1.431774845073456426e+01,1.047685297040192687e+01
-1.842926202094646726e+01,-1.786470340820591574e+01,-1.023080033509149978e+01,-1.030351912682913706e+01
1.314797303637553938e+01,1.137733074108319187e+01,3.571748126263672773e+00,-3.971008631093916108e+00
-2.579145315154892515e+01,-3.398932872273580585e+01,-4.908628958728106895e+00,-1.084374795129676272e+00
7.904688731689679670e+00,8.724887725485043433e+00,1.413023665457870948e-01,-5.127248427591796442e+00
-9.970036887222187261e+01,-9.037451725911677158e+01,-5.224282455573601425e+01,-5.841140526691910395e+01
3.459485328349745714e+01,4.452010401906902359e+01,1.012582879428636318e+01,4.745734909281107861e+00
3.016361955456209643e+01,2.453624768865208239e+01,1.819934403378878685e+01,1.120604538579208054e+01
2.697730307179111975e+01,2.118148638101299142e+01,1.048941688386110727e+01,7.804593559651429757e+00
-1.014951852795917020e+01,-1.265453412051594739e+01,-3.683235108767885180e+00,5.944745892600648673e+00
-2.353969055990897630e+01,-2.633096783631534521e+01,-9.945026388627194791e+00,-7.601911525104721790e+00
9.586915852340571575e+01,8.389881733217912085e+01,5.068070379470106701e+01,5.819461015501147472e+01
-1.115848935911689210e+01,-1.147859968157052180e+01,-7.057418409888921218e+00,3.306710305049058718e-01
-5.391349058271917727e+01,-5.098178588372276465e+01,-2.781538061310730825e+01,-3.273410481136347983e+01
7.841394895354691030e+00,1.016726065756268760e+01,4.676904015028090278e+00,2.764489456843568504e-01
1.963387780179783437e+00,8.029204602433450688e-01,2.820360532992767233e-01,-6.323764803583471483e-01
5.660954837012147323e+01,5.854993898251620976e+01,2.476955713805637060e+01,1.839964154734261470e+01
9.230588394418036913e+00,1.886494646187401258e+00,7.085186529343266315e+00,1.243757341868789013e+01
3.564667945708780650e+01,3.502802197582535371e+01,1.767227870391857181e+01,2.072024934158907428e+01
-5.812000766069257907e+01,-5.626881092301447040e+01,-2.863829157611661458e+01,-3.119794340139583255e+01
-2.503957078218320831e+01,-2.545326765632111687e+01,-8.366994219190113213e+00,-3.423084929440113555e+00
8.977722463660519736e+00,5.731329266453572657e+00,7.603390820969718966e+00,1.512937258383009365e+01
2.053467700176241095e+01,1.738462409218384508e+01,1.047119279250262913e+01,1.229500686026887024e+01
-2.283891565371401811e+01,-1.413928854911431898e+01,-1.322357558544341316e+01,-7.057995206489383833e+00
1.588191979042182211e+01,1.466650024097705796e+01,8.701310300627161709e+00,8.092690843930544276e+00
6.872170959754086539e+01,6.752302677778436646e+01,3.304674263296541881e+01,3.710871117162172084e+01
-2.483960582142700702e+01,-2.766043080100368456e+01,-9.898322652415455281e+00,-5.237762924046273305e+00
-1.743328221087713814e+01,-2.122751607484478598e+01,-7.252811422021880006e+00,-8.905317711969317429e+00
-2.998102940514938197e+01,-2.857910882114803997e+01,-1.329664790797800222e+01,-1.025641816065218315e+01
1.848819213223983127e+00,8.578339930084212028e+00,-1.047759262765502797e+00,1.430823437282441546e+00
-6.422144147912504764e+01,-5.841869264507543846e+01,-3.591097862487914227e+01,-3.975182823578988689e+01
6.736214548211819420e+01,6.600233325998667056e+01,3.751138464962363628e+01,5.368286106535172308e+01
-5.949138438351717184e+01,-5.913526164595604939e+01,-3.026336304175340075e+01,-3.890419067021261412e+01
4.809172649588202120e+00,6.444493325569641051e+00,3.601594095367085302e+00,1.811565703258264826e+00
-4.254926658106814585e+00,-2.978652451442073357e+00,-5.791065056847293668e+00,-1.564873565093605556e+01
1.281245107541462502e+01,1.472303516348190833e+01,5.079409873045177548e+00,9.643918677272747431e+00
-8.285080407896970200e+01,-7.984722240811414906e+01,-4.110482428868708382e+01,-5.288665219097889292e+01
7.702597321914316808e+01,7.096745510175959737e+01,3.875752530443057964e+01,4.161924125224567206e+01
1.100473793476428597e-01,5.722018601898170687e+00,-3.188492621046875364e+00,-5.507775895134340516e+00
8.692151618292413673e+00,2.216002092406519353e+00,2.037366979708011172e+00,-7.644661059586550067e+00
-2.083925464226045321e+01,-2.212861115202243312e+01,-6.178164790052621314e+00,4.066562838450628270e+00
4.799884264774729559e+01,4.598553693909259721e+01,1.910897044683370183e+01,8.093876744781947963e+00
7.944975469369641274e+00,2.459378091756352802e+00,3.340579271127861460e+00,-5.365533938495197219e-01
4.998910439801669270e-01,1.325499979368046155e+01,-4.642129631854173155e+00,-1.373532009349522376e+01
-2.481616628923159595e+01,-3.338784914314399543e+01,-1.315564407970705929e+01,-1.514717190031110405e+01
-3.046062723411430539e+01,-3.887972380837427266e+01,-8.714029165738200078e+00,-1.198043236998612215e+01
3.032016595968034522e+01,2.737514377356098194e+01,1.919797478856313333e+01,2.317364613176373211e+01
3.805879080415616045e+01,3.949882894896718000e+01,1.564084699154452807e+01,1.195615172415909200e+01
-2.688728090198020126e+01,-2.167614221165880650e+01,-1.796488804345190005e+01,-2.315919498938113108e+01
-2.396291062426066176e+01,-2.444852670958028540e+01,-9.721074973155818810e+00,-1.778685352012225707e+01
8.364313712111317045e+01,8.370753767922815314e+01,4.334336276602850546e+01,4.593882767521341037e+01
-4.793726181749083537e+01,-4.347726357588517487e+01,-2.733504419537795371e+01,-2.147152411520306714e+01
-8.635526074117578332e+01,-8.143154799949692801e+01,-4.666589516584718922e+01,-5.661444326005771899e+01
-6.565594754108366260e+01,-5.935435029522594874e+01,-3.619649693528174339e+01,-4.917929941303640362e+01
2.647242029395057372e+01,2.794817914011765225e+01,1.396289545441144497e+01,2.049137879729878620e+01
7.675700059707200751e+01,6.583912716001884746e+01,4.198180605686032862e+01,5.037098836890293541e+01
1.488496792505214827e+00,-3.978917398200652045e+00,3.302133924309296198e+00,9.449729413336793726e+00
-6.214621254373273729e-01,-3.579296617143636894e-01,1.043684989284935138e+00,4.544725131456397449e+00
7.531048462708430691e+01,8.105774968953588200e+01,3.156520402527069535e+01,2.314800494031972633e+01
-5.564818229068885103e+01,-4.625208291464191745e+01,-3.022909490392973098e+01,-3.300060666266553966e+01
-1.697712672828588865e+01,-5.854638978500030788e+00,-1.362008230777542650e+01,-2.528932938385777263e+01
6.039238223463646449e+01,6.445105732048443770e+01,2.661989995568964673e+01,2.441913842544924762e+01
1.414674235531089153e+01,1.450822486762397645e+01,4.111301804376220836e+00,6.997674394901215678e+00
8.004740333539032804e+01,8.447847221745399793e+01,4.242356676190239284e+01,4.534336916440497589e+01
2.610577015440402704e+01,2.697997216998510339e+01,1.343363784789296389e+01,7.588845953515929388e+00
-3.332566631847224414e+01,-4.116557278489365501e+01,-1.305859215475513402e+01,-1.738005294373570564e+01
2.710432962330957452e+01,2.693814622376372370e+01,1.502656969670703901e+01,1.704384974132158703e+01
-3.286063032753722268e+01,-4.688474218402141958e+01,-1.219797688037633598e+01,-8.245249006692429106e+00
1.465345671036052444e+01,1.876449958064957002e+01,7.513222287198223270e+00,5.401941607973954618e+00
-6.142194043878483711e+01,-5.857840722958106028e+01,-2.867069196624972705e+01,-2.989281706149172635e+01
-6.532618776547754180e+01,-5.979779401144228501e+01,-3.281660486410298461e+01,-4.656654197603144496e+01
-2.238296017943993022e+01,-2.203669962960205098e+01,-8.831776685144664185e+00,-7.605610250393132432e+00
-8.042055124932701915e+00,-4.506659147616538519e+00,-7.793688068976344141e+00,-1.881171288705826328e+01
-3.137223320696623929e+01,-3.120292328420966044e+01,-1.501292572560119609e+01,-1.889243255977474334e+01
1.253682466323436095e+01,1.146597002203972693e+01,6.114871677839913033e+00,7.725536961424978699e+00
-3.858892104944333568e+01,-3.108179721316675526e+01,-1.918938498933279391e+01,-1.903835857648185481e+01
-5.130982729184177060e+01,-5.368034533019648080e+01,-2.558966917296590182e+01,-2.073606324281628588e+01
5.097698947388187207e+01,5.401483815189252624e+01,2.437715782523317287e+01,3.000318527688258641e+01
1.727860779281005321e+01,1.547374392186326375e+01,9.742706351979325774e+00,1.470622795673691741e+01
1.570662586022592144e+01,1.450510254142835009e+01,7.840596612218824646e+00,8.279381321859370146e+00
3.674280708871970091e+01,4.029531556623101807e+01,1.532662118176659227e+01,1.446454650518857221e+01
1.542782879909411164e+01,8.134436002178171421e+00,1.262328072794514000e+01,1.967612588161144060e+01
-7.448117334573430526e+01,-7.122144961157663090e+01,-4.122855789173342345e+01,-4.818745635716417297e+01
1.762792711772919674e+01,1.612681190798974384e+01,8.357449630288023457e+00,1.282536978176950271e+01
-1.829721121935983774e+01,-2.177217185790930642e+01,-4.182016617963459026e+00,-1.300661307760590901e+01
1.573073491941449831e+01,1.249158076677196405e+01,1.237887739806764564e+01,1.955898646115461403e+01
2.725159375987343324e+01,3.324076318047075773e+01,1.237645017178831530e+01,1.689042902317404327e+01
-7.537923009372649119e+01,-7.172004082860397034e+01,-3.754776692863026710e+01,-4.315018903431801789e+01
4.946889402297152571e+00,8.154240962665255665e+00,2.318911594231631845e+00,5.272026176241387141e+00
4.652133676169405874e+01,4.584483994601928458e+01,2.074018282270086644e+01,1.574589341129403230e+01
2.043584976460381597e+01,1.773159648762113250e+01,1.211175006683779998e+01,1.836101617383295093e+01
-2.046583060418950950e+01,-2.426580193018284604e+01,-8.695635166371932456e+00,-4.437598391334522496e+00
-3.476151459725775794e+01,-2.922796527411178502e+01,-1.650773703061945241e+01,-1.882023405481446687e+01
6.535959393164464615e+00,2.430125450106476848e+00,8.766902629257467439e+00,1.454479250639885279e+01
8.206157061139523989e+01,7.769133394818243232e+01,4.085468378693425251e+01,4.529067704370974923e+01
3.520142025675997388e+01,4.509730459032094529e+01,1.104497340001056216e+01,3.912692460065327893e+00
4.826712519968560144e+01,4.138796213373565536e+01,2.416392826697278196e+01,1.944776612489431145e+01
1.213108410589500963e+01,1.411641351562279567e+01,3.005675468942190065e+00,-3.251779649430972530e+00
-4.806870879314243439e+01,-4.497138490076065409e+01,-2.455677570185125447e+01,-2.108826978012141851e+01
-7.885541191838657937e+01,-7.716749299166028209e+01,-3.946430642921608722e+01,-3.956368616664366300e+01
6.490131582860652770e+01,6.508472028340899840e+01,3.332590859086555213e+01,3.953145972565559418e+01
-4.210929055325934911e+01,-3.789200458848776520e+01,-2.221216271314644786e+01,-1.773362063615662976e+01
3.940597598903072907e+01,3.564717199859722285e+01,1.977728536536068304e+01,1.987010035191546109e+01
8.956393836409191067e+00,8.504151686845849767e+00,3.810633539073586373e+00,5.545694577839502593e+00
2.876165445745154514e+01,2.679204262090989985e+01,1.685447112449596219e+01,1.238957887452175655e+01
3.820908464271649052e+01,3.491132119978385617e+01,1.910523525062569661e+01,2.039577715091006027e+01
5.187374680398090021e+01,5.226174584529283607e+01,2.134215089142275090e+01,1.403647262928351935e+01
-9.221392053815971934e+00,-1.179243278816355911e+01,-6.730066045602938196e+00,-1.219366988041205602e+01
1.073269172599021104e+01,9.740069806042988887e+00,2.497149227654195336e+00,4.534882557668874270e+00
-3.589792314922632954e+01,-3.194000752461145254e+01,-1.737415146074766525e+01,-2.317403412485657554e+01
2.284955079675540190e+01,2.371355583179935067e+01,1.154845088924930074e+01,1.872282109423476015e+01
3.438389257788474396e+01,3.326935926333062810e+01,1.647881879141967687e+01,1.706740646751742219e+01
-2.100829715017225041e+01,-9.671935758896399449e+00,-1.069903376770682790e+01,-1.198704683492891299e+01
-2.449384417238910316e+00,5.155875881244998737e+00,-4.160444405957598235e+00,-2.683047623964210260e+00
1.535541410983041288e+01,4.043197720739826195e+00,1.539167377195227360e+01,1.671365075888038021e+01
4.133009084476569228e+00,-3.796966220538777748e+00,7.896922639087417650e+00,1.689775744518091471e+01
-1.220266231085101793e+01,-1.176679161821114761e+01,-7.529134395044976280e+00,-7.759909363017206907e+00
1.440268071398956984e+01,1.570185273351146904e+01,7.722493944148600242e+00,1.245590706541268666e+01
-1.812740104871623004e+01,-1.333553452273885931e+01,-9.269864576085726782e+00,-1.309644734147275003e+01
-9.040258830448685501e+00,-9.083306846026808046e+00,-4.304868840804772390e+00,-1.435935500332011827e+01
-6.603989231831563700e+01,-5.919025063488552263e+01,-3.491469773800980647e+01,-4.379585401793693222e+01
-4.737944752449234187e+01,-4.146447689111857926e+01,-2.415962940302099327e+01,-3.375765236685349180e+01
-5.129615339349330227e+00,-1.108699698363213848e+01,3.324517148008273359e+00,9.893269424521356825e+00
5.245413584213515890e+01,5.060727303897583340e+01,3.060133456243306327e+01,3.807646015159272679e+01
-7.174230323600960446e+01,-6.817210122988038279e+01,-3.699066685749255612e+01,-4.392499595983584015e+01
1.097413364379021417e+01,9.129214319788296450e+00,7.012184118332946525e+00,1.801857640127619931e+01
2.102221120469473092e+01,1.904278741108729633e+01,1.341661688340811232e+01,2.041623657169737527e+01
2.848342110909927527e+01,2.401129766053661996e+01,1.289295021762372784e+01,1.177006734515902941e+01
2.626388006361538530e+01,2.878201469030367221e+01,1.361735604184942972e+01,9.008392002519128638e+00
-2.374169281004213872e+01,-1.760084539527792202e+01,-1.161778390998189892e+01,-2.696275329917277475e+00
1.142449864216326816e+01,6.532544136359032194e+00,3.807221715860274358e+00,1.691298077301383707e+00
-6.320004595495761635e+01,-6.116014259933388075e+01,-2.501258135698007123e+01,-2.700515720623571525e+01
1.068471986803764828e+01,9.942118004623438310e+00,3.604073975324817880e+00,6.910166725176281055e+00
3.120314701997673268e+01,2.575044402818939560e+01,1.884855285642856515e+01,2.699025775481626965e+01
8.303693751745768736e+00,1.415221317671018753e+01,-3.706287267217128090e+00,-4.740823269606920576e+00
1.096505135856831714e+01,1.116642562759998825e+01,7.008747158985617176e+00,1.485405759854678642e+01
-1.299584281678485986e+01,-1.262093224379117373e+01,-4.033702207928639538e+00,-6.292974745490805155e+00
2.642264934572563462e+01,2.527593172831472756e+01,1.686479678576489860e+01,2.104719231363724674e+01
1.807110625641668022e+01,1.813268792109422023e+01,1.162497434450222755e+01,2.005313557658039159e+01
1.136037280299699503e+01,1.451335321612123508e+01,3.229466221074286381e+00,9.428337783626131952e+00
-5.414223974562092678e+01,-5.508467503829594136e+01,-2.650319037800512234e+01,-2.922445638554146896e+01
4.477685846724541818e+01,4.250010573184003704e+01,2.299986782999871338e+01,2.185606574270811464e+01
2.818107947072762443e+01,3.736498068130176620e+01,1.163446810734570924e+01,1.063378378280163972e+01
1.196573377947517116e+02,1.120622647320745102e+02,6.102475070504716115e+01,7.656189368647470417e+01
-1.918552165983120972e+01,-2.362665633954512145e+01,-8.857360566125379364e+00,-3.781779745753025779e+00
-5.711450809864315659e+01,-5.019143659649230926e+01,-2.791659116354551884e+01,-2.861857696327695777e+01
2.015782717949719327e+01,1.537394403747180860e+01,1.224259818480937412e+01,1.908975617134993286e+01
3.452946292198989653e+01,3.944717017103047851e+01,1.323968332535827841e+01,9.560641098312681052e+00
-1.522235877340707688e+01,-1.285196869094757233e+01,-6.721350496520648754e+00,-6.628133102833552392e+00
8.036316510746978281e+00,3.164061433608793550e+00,7.537953453396245784e+00,9.820641942566439297e+00
-1.677687330327640893e+02,-1.544812014096906410e+02,-8.697151769085904505e+01,-9.955844684901325081e+01
5.026241661416926121e+01,5.506270359339601583e+01,2.771230408115066979e+01,3.711330734297773404e+01
5.031742447295074783e+01,5.203041880138481190e+01,2.158454023525269250e+01,2.059207543190634837e+01
4.159450517019581639e+01,4.245156736756197802e+01,1.774337672912513497e+01,2.081433117844641245e+01
-9.074196024425290830e+00,-1.325810192256463260e+01,-3.964288517985812277e-01,5.794012054958987079e+00
4.961977638237824095e+01,4.154596382391205367e+01,2.747527389978279899e+01,3.468236935284951983e+01
6.768747409099879064e+01,6.727133697450804561e+01,3.302401995939942481e+01,3.251633733724937514e+01
4.865581174817176446e+01,4.612589341519867503e+01,2.473250047157137743e+01,2.913433419375897415e+01
-3.240939636330949725e+01,-3.072815191972316029e+01,-1.705182829737609751e+01,-1.289313435959786780e+01
3.162459938147196681e+01,3.113900692644844526e+01,1.752957816865210106e+01,2.396869727575332476e+01
-6.707370510993774815e+01,-5.866407066100627077e+01,-3.329937224784141847e+01,-4.372443121433943247e+01
7.153210810498619310e+01,7.678008089393154023e+01,2.908080238996724276e+01,2.606964332586362687e+01
1.704798074130657426e+01,1.020426203691985201e+01,1.206233247473287307e+01,2.273389968673330941e+01
3.357921147202938528e+01,3.243521427672491342e+01,1.468909179676932730e+01,1.284983009587007174e+01
4.477741224542893406e+01,4.777159329259446707e+01,2.200261710466662279e+01,2.838135785116027776e+01
-4.203438158316847861e+00,-2.572636685686450875e+00,-2.794106214419945999e+00,-8.670994172282831869e+00
-1.975978652068529584e+01,-1.858519416436485017e+01,-9.229963024089059331e+00,-4.391081984417929185e+00
-8.202026707458060173e+00,-2.987042675654269175e+00,-7.954693203628403708e+00,-8.884502840879939356e+00
6.269763002813439812e+01,6.268041264498265264e+01,3.125732677858469799e+01,2.942647599415899506e+01
2.722302140087773381e+00,1.722738615333351930e+00,1.602822083006312681e+00,-5.534432725433648059e+00
-5.157948344518269579e+01,-4.854264233090923142e+01,-2.677704372043796610e+01,-3.351546811899531519e+01
-4.561803846864322765e+01,-4.157017484884440961e+01,-2.267733127174454921e+01,-3.078869387274285074e+01
3.496599404185610638e+01,2.895925753163142602e+01,2.412355963498375999e+01,3.051150016784630736e+01
5.354039283232632229e+00,1.080771561891530297e+01,1.758084250710031604e+00,2.270468594212093905e-02
5.592773967311171646e+01,6.021327081229455302e+01,2.905336982228587672e+01,3.408490534612585066e+01
1.723989649525990231e+01,1.884604166293327765e+01,1.196196058279814167e+01,8.141358986735770742e+00
-1.518319461345819299e+01,-2.234217045746397190e+01,-3.786037445813644986e+00,9.422559028834285755e+00
6.431778353907854751e+01,6.258325660108754818e+01,3.165271053529335887e+01,2.433593620019679804e+01
-2.208915994282601503e+01,-9.140776599511120537e+00,-1.341880749360274372e+01,-1.414885913440379994e+01
3.285467067188609036e+01,3.407885143724099208e+01,1.706444413383344028e+01,1.453381585988927327e+01
5.211489715746410667e+01,4.419979501764176177e+01,3.043852903681791489e+01,3.443094757408851336e+01
4.137559528339906478e+01,4.299103399583655971e+01,1.626685296678000014e+01,2.166857155402226098e+01
5.067215565933867083e+01,4.956028949155556518e+01,2.669267896714054089e+01,3.412949808338579771e+01
-1.654802281794621877e+01,-2.916883312322791255e+01,-5.331827871016207254e+00,-3.654730308259033222e+00
4.724800564633994782e+01,4.413025785668669698e+01,2.530269146721978757e+01,2.656499961690288814e+01
-1.034077735242307483e+01,-8.185582182979299404e+00,-4.350557206307066771e+00,-9.773199441011289679e+00
-1.493941656866101297e+01,-1.490977975768279151e+01,-1.000461274900433750e+01,-6.080363061021621718e+00
5.652106468528401706e+01,5.194413260075589278e+01,2.646533196537079391e+01,2.004824743597549741e+01
1.870115496801573585e+01,1.754981551241933957e+01,8.001945559034378874e+00,3.139930186268254708e+00
-4.079302328674749845e+00,-8.049421130231122490e+00,2.100940953212720785e+00,2.744886815019579984e+00
4.379393009754324595e+01,3.592474949761842140e+01,2.683135363090144310e+01,2.984316569876177994e+01
-7.127111949279991165e+01,-7.532779614246697975e+01,-3.505934630087663351e+01,-3.671745440253145887e+01
1.003529373456814078e+01,1.312359785029984849e+00,8.466838960145768311e+00,1.597198563901410395e+01
9.233793784459020060e+01,9.374300056016046767e+01,4.340356085944639375e+01,5.333615611546309765e+01
-5.557990094815706072e+01,-5.642552702876271553e+01,-2.411749630722926341e+01,-2.386368234212558548e+01
5.412382405607532476e+00,-4.697412673781597547e+00,6.468049167296534563e+00,1.456285934583960540e+01
9.039545680523543680e+00,3.793164458930668559e+00,5.777994702500977020e+00,1.421572832185238333e+01
1.035566414132905244e+01,1.331832078527182617e+01,7.531858997654656385e+00,7.817985172635275148e+00
-1.213999186143874454e+01,-8.676368975578093057e+00,-8.713404954521234203e+00,-2.410890731264713338e+01
2.855906067012389116e+01,3.077494284533142377e+01,1.585336239047945739e+01,2.169791088040401306e+01
-4.775079541073625755e+00,-8.292183239486025315e+00,-3.218641320687463114e-01,5.310442492135631021e+00
-5.594718854351448556e+01,-5.123641428374985196e+01,-3.591562280270855467e+01,-3.996385941171141809e+01
-7.620277336010369496e+00,-4.383212682800249560e+00,-6.025637924025485148e+00,-7.989268692322381682e+00
-1.270663417103392234e+01,-5.494999739395627358e+00,-7.848596306416216528e+00,-9.523669195230594298e+00
-1.956408635843700594e+01,-2.731475033968220956e+01,-5.383210278118269798e+00,-6.894933969418076458e+00
3.214204232907692926e+01,4.258546868993926893e+01,8.567721188562433809e+00,6.156629275914895061e+00
1.978701617403454804e+01,1.586828635131175247e+01,1.312486714867208626e+01,1.522650044166173622e+01
-9.919170689582118783e+00,-3.187784112520688495e+00,-6.772019177234759546e+00,-8.442621965555542118e+00
-5.738254362282876286e+01,-6.282103807482904045e+01,-2.661839230457910332e+01,-3.464779467902960164e+01
-1.383357227169294390e+01,-1.823635642935154522e+01,-7.506907433350573200e+00,-1.664255428017053973e+01
-7.005916268573267303e+01,-6.045819972236133566e+01,-3.842843602426898997e+01,-4.643101048816259180e+01
-2.876710651649091588e+01,-2.625502545040832203e+01,-1.866402347910622694e+01,-2.917037246338605172e+01
-2.044509917074840644e+00,-2.812403788505896784e+00,-1.460059673451574724e-01,-8.525851846429873149e+00
-3.832955310038376240e+01,-4.667240628130436875e+01,-1.260196392623307560e+01,-2.077287170808271455e+01
1.705417807743442182e+01,2.506269783965361952e+01,5.473495780469146865e+00,-2.447146867812749704e+00
6.797090595660474577e+00,1.263085336126054337e+01,1.913318081984470176e+00,3.392885657078874573e-01
-7.076673480052377840e+01,-6.482293063597985849e+01,-3.359790918257054670e+01,-3.891430399451259348e+01
2.561769628809896204e+01,2.311921868071942754e+01,1.366835719653964887e+01,1.399293428323293220e+01
2.881943400126198895e+01,2.292281028839923351e+01,1.732403568626343571e+01,1.770528067921241444e+01
1.544199743720611195e+00,5.159526041727460210e+00,-3.540176391379311838e+00,-4.836632101551680663e+00
-1.771518675614676042e+01,-1.262062192760566148e+01,-1.185029800211440509e+01,-1.737277610439682007e+01
4.631425726766322981e+01,4.472880110593317227e+01,1.985937123053592757e+01,2.064922081500159834e+01
-1.161428797865619522e+01,-1.221298508484687595e+01,-1.778464056986324593e+00,-3.126286307510145690e+00
-2.854082592982527444e+01,-3.011666743129871904e+01,-1.657751537022116040e+01,-9.737953471447248432e+00
7.816282942961348112e+01,7.478688757881312199e+01,3.641373210751794431e+01,3.525576791875069205e+01
2.650368664565006327e+01,1.605977401913658298e+01,1.789316121326318054e+01,1.737845868163168817e+01
-5.834741508367363849e+01,-5.463510847945673277e+01,-3.299731301474405853e+01,-3.966059261972585404e+01
-2.505788199386429227e+01,-2.457120683039248021e+01,-1.465649962755727742e+01,-2.477830331966752908e+01
1.025449972878496752e+01,1.029516996094690739e+01,2.739910362858871906e+00,7.339139049884396471e+00
-2.243077878767299893e+01,-2.288221269730147256e+01,-1.072565346552709009e+01,-1.451425354339702345e+01
-6.077812315789903863e+01,-5.047565927466088453e+01,-3.136822861399117812e+01,-3.799539651424096576e+01
-2.322691009840371379e+01,-2.167415839315950876e+01,-1.136364876522158696e+01,-7.323683018046469151e+00
9.142623136930887995e+01,8.059936244543465023e+01,5.036312365975865646e+01,5.642440874685977548e+01
-3.300514998482613294e+01,-4.338682523875070274e+01,-9.620147393123517077e+00,-1.150972473257171913e+01
3.851033175144128506e+01,3.845230491510377391e+01,2.047097933945181225e+01,2.667800794073053083e+01
-2.722236196510996109e+01,-2.454457225552393496e+01,-1.514976727992144134e+01,-1.265038219563971467e+01
-1.218195377048588313e+01,-2.559996344998366169e+01,6.343725275636273864e-01,-1.714544939246081867e+00
1.176322915690535176e+01,1.207367514049483503e+01,4.439995429489738576e+00,4.772187670756417255e+00
-4.328868896858315196e+01,-4.704855746353967305e+01,-1.623282417422690571e+01,-1.538891345146574707e+01
-7.900573805515254122e+00,-8.246894996339513284e+00,-7.402507152102244525e+00,-1.641695031038705821e+01
9.303490340792612834e-01,-1.149610855382822372e+00,2.033388334629379735e+00,3.800799461606838126e+00
-3.683053184749618847e+00,-5.511102749800889100e-01,-5.128681648300721374e-01,-1.978151611998726134e+00
5.086900590765961283e+01,4.810252040281557129e+01,2.668218203778002362e+01,3.308736616703754407e+01
-7.073383476711501139e-01,1.632857373364655418e+00,-2.257722515356426207e+00,-6.135350784908000676e+00
-1.917485179425609587e+00,-5.537521816926282092e+00,1.380428090129307783e+00,4.863339507170065801e+00
1.739529902156498054e-01,5.593473796540443743e+00,-3.790244595168864805e+00,-8.497738303391191295e+00
3.376799550450942178e+01,2.543184971647650983e+01,1.761727251076710843e+01,2.357446164515960874e+01
1.697467958927622078e+01,1.313087922952449382e+01,1.002908321359180377e+01,2.090975434969393021e+01
-3.917924346020119941e+01,-4.272280117081794515e+01,-1.980902970854791079e+01,-2.081438348183595366e+01
-7.917016784517127093e+00,-2.664354332835795702e+00,-4.236350336011994955e+00,-2.347199354150072637e+00
1.562544443310430253e+01,2.364576908107193276e+01,4.512652465846619165e+00,-6.011975214654485811e+00
-1.541895830907444420e+00,-6.507385384381992210e+00,5.950462454388905087e-03,1.633066536262129276e+00
-1.161153863563390232e+01,-6.316529278321958429e+00,-5.058061571791579780e+00,1.555617527553552648e+00
-6.269705934041932949e+01,-6.401833825579606696e+01,-3.090863904822042230e+01,-3.663921744820643767e+01
1.070082517245011999e+01,1.488109226044844746e+01,3.265422634868979657e+00,3.023659008085335387e+00
-6.747278201926595997e+00,-8.082266293171263882e+00,-3.337399810847330173e-01,3.396978434584696949e+00
-2.505707713415719695e+01,-2.977162559812038012e+01,-8.361162504304338938e+00,-2.642728127542440575e+00
5.134317702165063935e+01,5.612380353404108746e+01,2.374051021106606640e+01,3.089664951119983627e+01
-2.468111367782240961e+01,-2.975070376170522835e+01,-6.683374374614429847e+00,5.267660541982541744e-01
2.926850842648127582e+01,2.844382251155391472e+01,1.190911101985948051e+01,1.109261728184577933e+01
2.928562575460899708e+01,1.878849355373396079e+01,1.823570825202433099e+01,1.872123832074071004e+01
1.421569132220716369e+01,5.324337045084860165e+00,7.476423179301875166e+00,5.874764542609900886e+00
1.731511617977516337e+01,1.713923762052694144e+01,9.792982140045364048e+00,1.023021918062985236e+01
-2.897746329503276286e+01,-2.533234164090221796e+01,-1.813380615438708077e+01,-2.587666482552549496e+01
7.132139886544592855e+01,7.403830866136635791e+01,3.113744158828830422e+01,3.430591987286185685e+01
1.681526622490581246e+01,1.370640126708839723e+01,1.018548336623505790e+01,8.001028593093501229e+00
1.637945136507666533e+01,2.155545506003793577e+01,5.693758723292495105e+00,8.160520638835036422e+00
1.525144846465666149e+01,1.846513001430325573e+01,4.267205797792516186e+00,-5.405653058410608836e+00
-5.943263685568279442e+00,-1.203501801873666111e+01,-7.151618341275279178e+00,-1.476590959175983109e+01
2.320930163138460856e+01,2.368353413415454156e+01,1.200008042477074888e+01,1.328534470353029562e+01
3.095680344625806413e+01,3.476686897589221559e+01,1.385954432128338709e+01,1.395001471715077201e+01
9.310707229695069032e+00,1.280170619345349792e+01,-9.973213661131161700e-01,1.346418483507868302e+00
-6.481258129639056165e+01,-6.035626340000469980e+01,-3.475974646261067846e+01,-3.828116809329444692e+01
1.471930998004176416e+01,1.209820848848234576e+01,9.996326392461797994e+00,1.187489989640435795e+01
1.369731224584920781e+01,1.134443506506740817e+01,9.372093071332951553e+00,9.377014307745939803e+00
-2.369354841108392051e+01,-2.290873271346524120e+01,-1.165860350582214089e+01,-1.573458348263240225e+01
4.067567075664454990e+01,4.073178613265864101e+01,1.991137813738297169e+01,2.628361512191306204e+01
3.124290477154753276e+01,1.910618513132056151e+01,1.969176801632587015e+01,2.095330907108299101e+01
6.320260756980574257e+01,5.894161621059083700e+01,3.493894889954403027e+01,3.926744539414946189e+01
-8.385690518673317229e+01,-7.706941282673068372e+01,-4.329554103800742837e+01,-5.449182613556550336e+01
1.391363935552750597e+01,1.479489422342859406e+01,7.257283740384109727e+00,3.740347742048414581e+00
2.704145344571939802e+01,2.902392188796830652e+01,1.350519846519083167e+01,2.185114273167471666e+01
-3.545433158026813913e+00,-3.004820378898575228e+00,-4.014331788307515581e+00,-1.359930019513536870e+01
3.364900105226855942e+01,3.584570386398591779e+01,1.437117756770823007e+01,1.279902705431826959e+01
5.118726335132133443e+01,4.307666009302261045e+01,2.752753609396647150e+01,2.669416067698361417e+01
7.794933472637283955e+01,7.732331873819424573e+01,3.682938095388168165e+01,3.322073571202716380e+01
-1.025547693130428328e+01,-4.812624633356711534e+00,-1.052963523596954687e+01,-1.783747998267957868e+01
-4.910864426256100757e+01,-3.927478788990138980e+01,-2.542114481447008245e+01,-2.666944715921192710e+01
1.445044562435041335e+01,1.041417259405056939e+01,6.357073913891676753e+00,2.919212357258823332e+00
9.431376483654720033e+00,5.872946418835663707e+00,3.528262074661100201e+00,4.020977377270630093e+00
-5.339789070130439086e+01,-5.255552115472304564e+01,-2.896482109038379704e+01,-3.232698220957838942e+01
6.896007041010034300e+01,6.271696431601493771e+01,3.443573576890666033e+01,3.096642124311653888e+01
-4.855676021358421934e+01,-4.203139910428076575e+01,-3.048231151972487751e+01,-4.099537749071197368e+01
1.233015820003635099e+01,1.368006213675685245e+01,8.393885128373412385e+00,-8.429132819521854003e-01
1.079453473619888371e+01,9.905440705639062315e+00,7.170091034546167919e+00,9.054897713133051695e+00
2.988171923301108990e+01,2.931590301492257566e+01,1.095837949138373624e+01,1.839099927599821882e+01
-1.981767431890170883e+01,-9.114886259000979152e+00,-1.326409511972372890e+01,-1.666630447485162847e+01
3.135397133599971298e+01,2.999868220508255945e+01,1.501618095400539943e+01,1.297086064972614317e+01
-2.827484194322908451e+01,-3.046315343198055814e+01,-1.541122412349840332e+01,-1.564530243247772212e+01
-5.147202724026190168e+01,-5.301098004887829518e+01,-2.607617662398529390e+01,-2.592834578227528652e+01
4.673958509754358204e+01,4.709390002333105940e+01,2.309523449626895797e+01,2.593497556612489063e+01
-1.304367037668328422e+01,-9.877453377858548933e+00,-8.316032703378555269e+00,-1.327574033008302834e+01
-1.545835517331337527e+01,-1.134260427092518242e+01,-8.160024988789380984e+00,-1.945702059558879782e+01
-1.960714104432967630e+01,-2.355192722104185421e+01,-4.917201472274127738e+00,-3.407201717183909295e+00
-5.605432165669915889e+01,-5.808117418115277530e+01,-2.477121685441204235e+01,-2.802669433671302457e+01
1.669413372966859654e+01,1.239589042744025704e+01,1.251685251248608211e+01,2.662467047137227638e+01
-4.533537169263793132e+00,3.451252476384642165e+00,-4.881643261788275900e+00,-8.303720723101445600e+00
-6.628340300242930994e+01,-5.920872394542527672e+01,-3.534100720432736864e+01,-4.186794328321886383e+01
5.203390678067384556e+01,5.221884290619713909e+01,2.806478765062793457e+01,3.077424532282332592e+01
2.640244310580528619e+01,3.320386877527838010e+01,6.869285215226758723e+00,8.698685325291979353e-01
3.782719854691025319e+01,3.540270575943873155e+01,1.721855206876516320e+01,1.824454080907540288e+01
-1.117365881516658703e+02,-1.038856737678747209e+02,-5.875847761138938097e+01,-6.479928136664926797e+01
5.619012437875436916e-02,-4.066097695201539075e+00,2.255822422266203553e+00,6.983474177490316848e+00
2.635271409059729919e+01,1.792872909786161273e+01,1.571315263537575646e+01,1.805434976305411965e+01
1.843856563476355248e+01,1.524007981241142495e+01,1.128367481783810788e+01,1.926648185338339303e+01
-1.435961172363907679e+01,-7.445730967327243377e+00,-7.713005113509748156e+00,-4.619898901572263128e+00
-8.766919036186122227e+00,-4.058908157360287206e+00,-6.182428540188197097e+00,-1.604064829330229358e+01
1.780969307862736883e+01,1.709504933080125255e+01,8.662639806369458739e+00,1.675442580266840054e+01
-7.982536456263461844e+01,-7.943319881542011274e+01,-4.007356982988375904e+01,-5.418496347546293634e+01
4.989845642739777531e+01,4.673488401649857593e+01,2.395909551790144931e+01,1.829876666288014775e+01
-1.902153348985670078e+01,-1.703486805097177026e+01,-7.907119273425510464e+00,-8.769661494007479519e+00
2.216739992825108274e+01,1.612382802169435081e+01,1.178487668776623387e+01,1.567597706649587863e+01
-6.120288714108713890e+00,-8.785830859800205062e+00,1.243999164588055706e+00,3.866767589700685903e+00
-6.740520461288838305e+01,-7.099741152633625063e+01,-3.008631961101413310e+01,-3.109558643694563784e+01
-3.789299562735249793e+01,-4.341737772637701198e+01,-1.372611927675644239e+01,-1.304545250267305434e+01
5.029274114607328272e+01,5.875985108448019645e+01,2.225608333355382484e+01,2.150163012185255695e+01
2.603358844309331488e+01,2.089522335044446777e+01,1.482401900592287269e+01,2.076027607179527479e+01
6.949499644426894918e+01,5.950146581519464917e+01,3.596697890292445265e+01,3.710757070373604449e+01
-1.544914936823352392e+01,-1.589877556002537240e+01,-8.422765075066537932e+00,-8.126921969825630754e+00
-4.560746066433780754e+01,-3.889323976650914005e+01,-2.546491875676776573e+01,-3.514324611977302482e+01
1.081572165290070870e+02,1.081416385294222096e+02,4.931785414052227168e+01,5.476004716663997840e+01
7.972906260419279079e-01,2.108022379548730640e+01,-6.262997605686194902e+00,-6.476220192733798342e+00
4.087922877054953119e+01,4.148156975795587442e+01,2.025841905224237749e+01,1.565707546042759013e+01
-4.547217433624720684e+01,-4.913947844922394381e+01,-1.890203042001680345e+01,-1.828715102428239447e+01
-2.635037588123914176e+01,-2.421586684869222239e+01,-1.501527597119086899e+01,-2.876724387544843609e+01
-5.669009869567247506e-01,6.103359034430425822e+00,2.428800844225165179e-01,6.188104121073234154e+00
3.332498840923324934e+01,3.633078319737246886e+01,1.430460633456512909e+01,1.201631131437244804e+01
-4.041565126700570687e+01,-4.304346125328272876e+01,-1.725797247317190752e+01,-8.087607110330885973e+00
-5.354861233803751119e+00,-9.889424622735759840e+00,1.226112499965138269e+00,5.619600527087351693e+00
7.801504163936094471e+00,1.118386737364132344e+01,1.811580434971117981e+00,-1.381618695559768017e+00
-2.816895724206273499e+01,-1.616880087358256901e+01,-2.307839831105554396e+01,-3.310792192137395773e+01
2.211431832514202966e+01,1.145122703161849387e+01,1.674123777590121520e+01,1.589859260809875607e+01
-7.557074264446806922e+01,-7.720302282118282733e+01,-3.571440536641585339e+01,-3.685219555705586458e+01
7.040896100345229058e+00,9.670571254026665287e+00,5.077310310403540861e+00,1.109665917482962882e+01
-5.586268425923721992e+01,-5.761952757259349056e+01,-2.814651494004424137e+01,-3.131665111650018218e+01
-4.074204672428209051e+00,-4.387600298751554107e+00,-5.544587604867636799e-01,-7.741588740220555209e+00
-4.134061916041492424e+01,-3.191566838161435626e+01,-2.609793084551432685e+01,-4.198750560078605076e+01
2.244265904439012260e+01,1.151804585003776538e+01,1.842911171486350952e+01,2.908645292747651467e+01
-5.978807221838776798e+01,-5.621640688455548229e+01,-2.948557786606546216e+01,-3.826041888319085871e+01
6.408677195775106838e+01,6.468752678534403344e+01,3.074618962536248290e+01,3.500457768833518202e+01
2.372411817402207035e+01,2.440431680389830760e+01,1.134641853422023949e+01,1.546965035926966969e+01
-1.614738949667623302e+01,-1.137562564934209774e+01,-8.027843916298706972e+00,-1.427116340424995755e+01
-6.389712124872893639e+00,-9.002956793869927310e+00,-2.652246218654144450e+00,-4.737714383012005648e+00
-1.683902362115545870e+01,-2.304637508353055964e+01,-4.336022845036754170e+00,2.214246743108029492e+00
-2.676620288145621984e+01,-2.883469071914655757e+01,-1.016491962306148089e+01,-1.654246486088825208e+01
-5.783282860145845206e+01,-4.641633949953045857e+01,-3.399305373632364535e+01,-4.203564978599563773e+01
2.945054994633931145e+01,3.900482694337290468e+01,1.284386750730012317e+01,7.273962315214973273e+00
2.499381046482026036e+01,2.593137493625483359e+01,1.421998647416382511e+01,1.777209513500500648e+01
-3.648335964298658496e+01,-3.744077546929602107e+01,-1.622169573977658175e+01,-1.763065131172448829e+01
-1.373102361481712563e+01,-1.497691149017944667e+01,-6.004042643446782179e+00,-1.353697395974199580e+01
5.732698363162980115e+01,5.810346467484114896e+01,2.634822977015765844e+01,2.119669571733582814e+01
3.370710041235071941e+01,3.652700586750090395e+01,1.242241472313940065e+01,9.724580664740322788e+00
6.454246182631410989e+01,5.607241118117117651e+01,3.068889668926592407e+01,3.714049696979722626e+01
-4.006314977352733564e+00,-1.116728679395450285e+00,-1.636321520028296561e+00,1.037964924461199701e+00
3.099718438068076409e+01,3.876152431523107111e+01,7.573559352677394330e+00,1.804616416452905270e+00
1.749857534491090760e+01,1.872384672319163101e+01,5.600232332583474637e+00,4.731859499186841234e+00
4.454738863015256101e+01,5.126439152959086698e+01,2.015103168983930360e+01,2.072334490530534268e+01
